Id,Submission Time,View Number,Vote Number,Title,Message,Image
40,1571539812,409,96,Realigned modular superstructure,facilitate best-of-breed applications,""""""
47,1578722094,1383,189,Expanded intermediate moderator,integrate viral e-services,""""""
4,1533622245,12,42,User-centric intangible installation,whiteboard cross-media communities,""""""
4,1591751238,1586,172,Expanded attitude-oriented emulation,scale e-business e-services,""""""
9,1560501926,282,97,Front-line even-keeled standardization,streamline holistic markets,""""""
16,1541840503,1247,169,Visionary discrete infrastructure,unleash innovative technologies,""""""
28,1554222747,666,147,Operative object-oriented focus group,generate world-class paradigms,""""""
27,1546230238,804,37,Secured dedicated open architecture,maximize extensible platforms,""""""
29,1601691939,593,15,Ameliorated optimal standardization,orchestrate value-added portals,""""""
44,1535760180,1297,49,Intuitive maximized firmware,envisioneer collaborative applications,""""""
38,1586230585,849,193,Optional intangible utilisation,leverage intuitive niches,""""""
4,1592291046,167,102,Diverse local instruction set,streamline seamless methodologies,""""""
26,1580611294,233,55,Profit-focused static secured line,harness distributed deliverables,""""""
17,1581427383,451,140,Enterprise-wide content-based encoding,implement integrated users,""""""
2,1582952813,936,161,Multi-lateral responsive pricing structure,scale plug-and-play convergence,""""""
4,1605565036,266,8,Visionary value-added monitoring,maximize next-generation markets,""""""
22,1554155104,802,25,Advanced eco-centric attitude,exploit sticky networks,""""""
11,1545943936,348,72,Diverse value-added conglomeration,harness customized initiatives,""""""
46,1544585534,649,44,Ergonomic fault-tolerant process improvement,exploit rich infomediaries,""""""
4,1540923643,1493,63,Digitized contextually-based help-desk,recontextualize leading-edge ROI,""""""
46,1567027938,1923,183,Organized even-keeled firmware,enhance scalable platforms,""""""
40,1563508740,1039,123,Phased zero defect task-force,target impactful convergence,""""""
10,1533399864,785,97,Reduced national productivity,engage bleeding-edge experiences,""""""
15,1597710560,379,111,Enterprise-wide cohesive customer loyalty,facilitate customized interfaces,""""""
25,1570981548,374,11,Vision-oriented secondary process improvement,reintermediate out-of-the-box users,""""""
3,1543149878,925,99,User-centric impactful knowledge base,facilitate plug-and-play communities,""""""
24,1556847116,815,114,Progressive mobile capacity,matrix wireless users,""""""
26,1550779946,1946,196,Focused directional model,cultivate dynamic niches,""""""
50,1602724886,970,116,User-friendly client-driven portal,synergize collaborative interfaces,""""""
44,1547233670,853,145,Exclusive even-keeled encoding,incentivize rich models,""""""
24,1608158661,1165,108,Implemented national system engine,unleash B2B infrastructures,""""""
28,1544254978,1013,140,User-centric heuristic solution,enable plug-and-play initiatives,""""""
37,1539979154,423,171,Seamless secondary process improvement,morph real-time partnerships,""""""
42,1562543349,591,33,Future-proofed 5th generation ability,unleash transparent eyeballs,""""""
35,1537984209,1708,135,Synergistic full-range initiative,enable cutting-edge initiatives,""""""
47,1590931908,923,141,Sharable mobile customer loyalty,incubate granular platforms,""""""
31,1585136561,303,119,Self-enabling intermediate open system,expedite 24/7 infrastructures,""""""
15,1575959558,1229,182,Reactive incremental orchestration,mesh frictionless platforms,""""""
34,1572462610,1922,148,Expanded systematic benchmark,seize mission-critical supply-chains,""""""
34,1575841796,1528,20,Self-enabling object-oriented database,reintermediate virtual interfaces,""""""
35,1555717338,1897,94,Front-line zero tolerance focus group,seize visionary architectures,""""""
21,1576669175,1008,148,Front-line system-worthy infrastructure,brand sticky interfaces,""""""
2,1602342072,172,134,Assimilated bottom-line contingency,morph efficient schemas,""""""
46,1590666966,1228,142,De-engineered didactic portal,empower magnetic experiences,""""""
20,1536217637,745,136,Innovative mobile pricing structure,transform turn-key infrastructures,""""""
2,1575899411,1538,55,Advanced stable pricing structure,harness virtual infrastructures,""""""
46,1533750039,354,167,Front-line scalable solution,reintermediate one-to-one partnerships,""""""
46,1557528243,1656,74,Expanded bi-directional matrices,incubate B2B niches,""""""
37,1550033815,606,81,Front-line holistic orchestration,repurpose revolutionary channels,""""""
42,1536706832,1927,91,Optional regional internet solution,harness cutting-edge e-commerce,""""""
18,1587369061,50,181,Business-focused reciprocal software,reintermediate interactive markets,""""""
40,1583200354,875,65,Configurable local paradigm,harness cutting-edge models,""""""
34,1562201195,1844,130,Phased human-resource website,integrate intuitive technologies,""""""
16,1585020524,1844,173,Centralized actuating solution,iterate best-of-breed channels,""""""
17,1550409297,915,47,Front-line multi-state utilisation,visualize interactive content,""""""
14,1539811056,260,187,Inverse methodical functionalities,recontextualize seamless bandwidth,""""""
34,1541670720,1512,142,Ergonomic well-modulated forecast,empower killer deliverables,""""""
1,1599279500,757,105,Mandatory non-volatile matrix,incubate viral portals,""""""
43,1593634257,1693,116,Ergonomic 3rd generation open architecture,transition B2C web services,""""""
40,1604473508,81,20,Seamless 3rd generation paradigm,harness viral experiences,""""""
47,1543330525,1962,161,Grass-roots systematic algorithm,optimize bleeding-edge portals,""""""
48,1605011265,1718,30,Advanced mobile project,streamline transparent solutions,""""""
8,1550241122,1654,47,Multi-channelled stable algorithm,brand bricks-and-clicks e-business,""""""
17,1572139990,883,164,Adaptive motivating ability,benchmark distributed partnerships,""""""
42,1554537624,34,66,Realigned transitional encoding,morph e-business mindshare,""""""
11,1563540809,406,172,Cloned 24 hour orchestration,engineer front-end users,""""""
43,1608583277,440,110,Fully-configurable web-enabled solution,productize B2C eyeballs,""""""
3,1563755885,223,14,Front-line modular instruction set,morph distributed supply-chains,""""""
37,1605610302,412,39,Synergized transitional initiative,transform vertical paradigms,""""""
48,1553183342,369,146,Re-contextualized zero defect intranet,transition clicks-and-mortar infomediaries,""""""
29,1551744529,1739,126,Enhanced upward-trending array,deliver intuitive eyeballs,""""""
33,1578103988,1424,149,Managed multi-tasking website,envisioneer back-end markets,""""""
7,1602162166,288,62,Stand-alone contextually-based encoding,whiteboard compelling infomediaries,""""""
33,1584355816,1012,40,Innovative modular encryption,cultivate back-end e-business,""""""
4,1605377121,322,184,Compatible context-sensitive structure,strategize intuitive mindshare,""""""
1,1588678907,326,71,Upgradable optimal infrastructure,facilitate distributed metrics,""""""
35,1572972965,384,87,Sharable bandwidth-monitored circuit,enhance dynamic mindshare,""""""
41,1589080773,931,34,Optional context-sensitive function,syndicate ubiquitous interfaces,""""""
26,1600678295,866,53,Streamlined interactive toolset,incentivize intuitive e-business,""""""
1,1607378724,119,44,Reactive secondary projection,seize efficient e-commerce,""""""
48,1589814144,1647,59,Multi-layered 4th generation success,synthesize sexy e-services,""""""
50,1545713801,1064,76,Secured even-keeled hardware,leverage clicks-and-mortar web services,""""""
3,1596439866,451,36,Robust 5th generation paradigm,harness front-end experiences,""""""
4,1594992495,1504,114,Reactive actuating access,implement clicks-and-mortar partnerships,""""""
35,1599894926,107,184,User-centric disintermediate forecast,empower synergistic channels,""""""
32,1590903585,1982,39,Centralized local solution,leverage enterprise metrics,""""""
41,1552500353,1928,23,Compatible didactic ability,integrate one-to-one relationships,""""""
44,1601517147,251,29,Exclusive attitude-oriented capacity,disintermediate end-to-end vortals,""""""
28,1607562300,1165,103,Enterprise-wide contextually-based methodology,orchestrate cross-platform content,""""""
38,1546262395,1280,178,Sharable bi-directional archive,recontextualize proactive functionalities,""""""
7,1608935921,1667,148,Centralized empowering Graphic Interface,seize ubiquitous e-business,""""""
21,1579662489,41,113,Polarised responsive success,syndicate scalable metrics,""""""
29,1568043866,1016,123,Persistent clear-thinking help-desk,benchmark enterprise e-markets,""""""
49,1560901461,861,55,Re-contextualized zero defect policy,drive 24/365 metrics,""""""
5,1589220896,351,13,Proactive uniform local area network,e-enable out-of-the-box infrastructures,""""""
34,1553168601,1491,27,Automated composite attitude,revolutionize dot-com platforms,""""""
7,1588326215,761,53,Integrated user-facing synergy,generate bricks-and-clicks channels,""""""
8,1534109674,1020,29,Streamlined empowering customer loyalty,evolve frictionless action-items,""""""
40,1570706410,989,180,Self-enabling homogeneous secured line,innovate e-business synergies,""""""
10,1562000443,534,98,Virtual zero defect functionalities,utilize magnetic relationships,""""""
1,1596785818,1183,162,Diverse fault-tolerant Graphical User Interface,e-enable end-to-end systems,""""""
40,1605657763,588,57,Configurable interactive capability,optimize customized bandwidth,""""""
46,1589790593,1765,115,Robust fault-tolerant protocol,iterate clicks-and-mortar functionalities,""""""
12,1581926176,1662,89,Virtual secondary infrastructure,matrix proactive niches,""""""
48,1544118269,1681,1,Managed even-keeled forecast,orchestrate open-source action-items,""""""
9,1548008875,1357,200,Proactive tangible structure,streamline world-class infrastructures,""""""
33,1600552696,1997,9,Intuitive composite instruction set,redefine innovative eyeballs,""""""
42,1538396300,1228,153,Ameliorated motivating installation,incentivize bleeding-edge synergies,""""""
4,1577680127,1394,57,Realigned clear-thinking strategy,recontextualize ubiquitous technologies,""""""
26,1594649857,31,148,Decentralized bottom-line functionalities,grow global web-readiness,""""""
14,1582385999,544,44,User-centric interactive open system,reinvent front-end synergies,""""""
6,1590503897,421,94,Polarised 4th generation toolset,whiteboard sticky applications,""""""
31,1543323063,1322,43,Progressive zero administration implementation,orchestrate plug-and-play methodologies,""""""
30,1605562209,1850,16,Up-sized bandwidth-monitored architecture,implement intuitive technologies,""""""
28,1551867056,1505,100,Cross-group regional internet solution,expedite intuitive architectures,""""""
16,1602642902,86,114,De-engineered 24/7 superstructure,enable proactive metrics,""""""
16,1602863233,1371,188,Universal client-driven open system,unleash 24/7 metrics,""""""
34,1558807393,761,171,Right-sized systemic projection,expedite bricks-and-clicks web-readiness,""""""
33,1576211888,1561,195,Organic bifurcated knowledge base,engage innovative action-items,""""""
46,1535129112,86,102,Programmable optimal time-frame,implement strategic web services,""""""
8,1533869602,267,124,Adaptive intermediate service-desk,matrix killer infomediaries,""""""
25,1568172538,1205,59,Pre-emptive systematic product,scale cross-media relationships,""""""
32,1564921761,344,50,User-friendly content-based definition,optimize customized e-services,""""""
18,1545072294,111,197,Automated client-driven forecast,expedite customized web services,""""""
36,1536529430,268,164,Focused next generation architecture,whiteboard bleeding-edge interfaces,""""""
16,1559086010,1224,59,Reactive optimizing challenge,facilitate visionary relationships,""""""
39,1606927673,367,116,Horizontal transitional budgetary management,target B2C metrics,""""""
39,1544470319,1972,55,Networked value-added utilisation,drive user-centric technologies,""""""
2,1591901731,1357,46,Digitized global frame,e-enable 24/365 interfaces,""""""
30,1586193839,1676,199,Total impactful groupware,seize cutting-edge vortals,""""""
11,1569743521,418,26,Adaptive context-sensitive function,evolve proactive technologies,""""""
32,1565419853,654,40,Advanced holistic architecture,streamline robust solutions,""""""
1,1540594596,520,72,Public-key regional array,harness dynamic interfaces,""""""
21,1588560868,1525,73,Optional analyzing matrices,streamline cross-platform channels,""""""
48,1565658647,266,156,Versatile homogeneous application,recontextualize real-time functionalities,""""""
7,1586365119,67,20,Vision-oriented 5th generation encoding,redefine customized eyeballs,""""""
41,1575674178,332,44,Grass-roots heuristic website,redefine magnetic convergence,""""""
38,1563441221,1693,85,Horizontal dynamic throughput,harness 24/7 e-commerce,""""""
25,1583523724,55,189,Balanced bifurcated ability,expedite end-to-end portals,""""""
30,1541119435,355,13,Self-enabling heuristic adapter,mesh 24/7 architectures,""""""
20,1608817883,586,75,Open-architected tertiary neural-net,architect cutting-edge technologies,""""""
10,1551044538,1205,44,Customer-focused local product,maximize rich solutions,""""""
29,1565556710,408,68,Down-sized responsive concept,leverage global niches,""""""
20,1584081803,1383,52,Ergonomic next generation projection,deliver value-added synergies,""""""
48,1576714970,1576,158,Visionary systematic complexity,brand e-business ROI,""""""
1,1608566492,1065,104,Robust attitude-oriented concept,strategize granular architectures,""""""
11,1546741286,1826,29,Cross-group incremental complexity,productize robust content,""""""
6,1564889644,946,3,Synchronised directional moratorium,generate compelling architectures,""""""
17,1537849277,1597,115,Innovative homogeneous circuit,integrate scalable users,""""""
14,1588869194,1808,83,Self-enabling systematic archive,iterate end-to-end deliverables,""""""
15,1537182556,1777,115,Progressive tangible definition,harness one-to-one deliverables,""""""
38,1560145583,876,153,Managed composite model,revolutionize extensible paradigms,""""""
43,1554181407,1571,4,Horizontal fault-tolerant synergy,benchmark killer platforms,""""""
25,1586744678,1394,80,Upgradable responsive contingency,reinvent intuitive interfaces,""""""
33,1535579968,976,175,Down-sized incremental flexibility,unleash end-to-end portals,""""""
49,1543268426,141,49,Integrated local function,integrate seamless platforms,""""""
24,1552203895,289,106,Diverse full-range orchestration,visualize viral functionalities,""""""
38,1602729787,1551,62,Visionary dedicated throughput,evolve front-end metrics,""""""
18,1573646560,1265,43,Organized static concept,evolve extensible schemas,""""""
7,1561423580,1727,102,Virtual fault-tolerant system engine,transition clicks-and-mortar e-business,""""""
17,1579275732,1116,94,Reduced static info-mediaries,innovate virtual communities,""""""
9,1569612712,129,66,Distributed client-driven interface,syndicate clicks-and-mortar infomediaries,""""""
15,1565881543,1068,180,Optional impactful database,brand enterprise experiences,""""""
27,1588216191,1633,98,Virtual explicit knowledge base,recontextualize collaborative portals,""""""
39,1541653893,1625,133,Open-architected dedicated success,transform next-generation networks,""""""
45,1554439701,214,148,Vision-oriented stable hierarchy,synergize user-centric web services,""""""
45,1591474577,1195,116,Exclusive local toolset,synergize plug-and-play networks,""""""
13,1593207416,1384,200,Front-line static info-mediaries,exploit dot-com metrics,""""""
16,1563852189,516,165,Quality-focused leading edge adapter,engineer one-to-one supply-chains,""""""
1,1537442730,785,8,Proactive full-range process improvement,reintermediate revolutionary channels,""""""
33,1558678979,87,156,Synergistic needs-based matrix,streamline cross-platform metrics,""""""
25,1576700288,1476,119,Mandatory discrete secured line,syndicate interactive partnerships,""""""
33,1574486329,1113,164,Optional incremental benchmark,synergize efficient interfaces,""""""
50,1552731181,696,161,Front-line responsive project,transform B2C e-services,""""""
5,1574220297,535,71,Synchronised object-oriented toolset,envisioneer wireless vortals,""""""
1,1546758308,1359,46,Devolved bi-directional collaboration,exploit seamless methodologies,""""""
30,1597145859,557,125,Intuitive human-resource model,disintermediate compelling e-tailers,""""""
25,1605655920,530,136,Organic logistical extranet,e-enable global web-readiness,""""""
11,1584009165,1322,97,Switchable system-worthy system engine,incentivize sticky users,""""""
2,1537170880,1286,18,Reduced intermediate installation,benchmark cross-platform models,""""""
46,1551652312,114,19,User-friendly fault-tolerant budgetary management,streamline user-centric e-tailers,""""""
12,1589589816,930,40,Progressive 6th generation info-mediaries,enable innovative vortals,""""""
42,1553713819,833,56,Synergized exuding hierarchy,cultivate plug-and-play experiences,""""""
6,1565002618,1277,183,Extended dedicated forecast,repurpose magnetic interfaces,""""""
46,1602107613,497,39,Compatible next generation paradigm,benchmark best-of-breed e-services,""""""
35,1580135843,1465,108,Realigned dedicated initiative,disintermediate front-end web-readiness,""""""
50,1589448972,1149,191,Distributed needs-based time-frame,cultivate impactful infrastructures,""""""
44,1602411392,1547,154,Inverse reciprocal success,deliver front-end metrics,""""""
33,1582967877,1662,164,Upgradable motivating emulation,enhance 24/365 content,""""""
17,1601681709,621,170,Seamless actuating portal,unleash mission-critical models,""""""
41,1556819689,574,130,Exclusive global analyzer,enhance front-end infomediaries,""""""
30,1556024551,1413,94,Extended 4th generation leverage,engineer user-centric relationships,""""""
11,1598625740,393,162,Operative system-worthy parallelism,optimize holistic experiences,""""""
46,1598617601,1967,6,Extended 3rd generation policy,aggregate best-of-breed networks,""""""
27,1561771438,757,27,Persistent reciprocal framework,reinvent dot-com e-tailers,""""""
4,1553343370,1877,68,Programmable multimedia success,facilitate innovative users,""""""
47,1547997397,398,198,Open-architected 24/7 standardization,generate dot-com schemas,""""""
8,1581760272,1822,58,Pre-emptive transitional neural-net,architect dot-com schemas,""""""
31,1564080984,411,198,Optimized responsive support,disintermediate enterprise content,""""""
23,1574288074,998,167,Inverse maximized Graphic Interface,innovate best-of-breed metrics,""""""
49,1537517528,212,147,Exclusive asymmetric emulation,drive bricks-and-clicks supply-chains,""""""
46,1603604076,866,159,Cross-group object-oriented methodology,architect transparent architectures,""""""
42,1555734704,552,121,Profound empowering encryption,transform global eyeballs,""""""
9,1599231118,488,54,Open-architected dedicated initiative,utilize vertical e-tailers,""""""
14,1580195082,1195,181,Front-line asynchronous definition,deliver transparent technologies,""""""
38,1546303886,928,155,Robust value-added framework,transition compelling partnerships,""""""
21,1577126826,867,81,Adaptive 6th generation encoding,integrate synergistic content,""""""
49,1549633304,1250,166,Persevering systemic framework,benchmark compelling e-commerce,""""""
26,1535209180,111,111,Organic disintermediate application,scale back-end metrics,""""""
17,1550258672,688,37,Business-focused interactive collaboration,streamline collaborative initiatives,""""""
16,1593595587,1549,112,Multi-lateral scalable archive,enable synergistic architectures,""""""
25,1592593880,995,62,Profit-focused web-enabled local area network,brand 24/7 vortals,""""""
11,1563101351,1323,54,Persevering neutral budgetary management,transition back-end solutions,""""""
6,1570595339,1101,50,Advanced disintermediate challenge,drive one-to-one e-commerce,""""""
46,1595194852,1527,36,Reduced uniform architecture,synthesize front-end relationships,""""""
43,1534687175,75,117,Synchronised transitional forecast,streamline clicks-and-mortar models,""""""
27,1550998632,1427,109,Implemented 24 hour function,recontextualize dynamic e-services,""""""
11,1548655450,1336,159,Reactive coherent capability,incubate magnetic eyeballs,""""""
33,1572489940,1601,106,Exclusive systematic implementation,engage collaborative mindshare,""""""
45,1595366946,330,176,Synchronised 5th generation superstructure,deliver cutting-edge metrics,""""""
27,1565653997,1964,41,Re-contextualized motivating paradigm,morph cutting-edge web services,""""""
45,1552912923,515,67,Down-sized high-level extranet,transform plug-and-play e-commerce,""""""
40,1536526556,369,101,Optional systematic data-warehouse,innovate one-to-one platforms,""""""
4,1600637937,750,8,Face to face disintermediate productivity,utilize back-end applications,""""""
34,1549881146,1138,121,Persistent user-facing implementation,aggregate extensible applications,""""""
28,1586905898,1912,128,Exclusive static challenge,embrace sexy e-services,""""""
46,1534735984,1052,9,Front-line web-enabled service-desk,engineer wireless portals,""""""
44,1555535566,730,175,Synergized non-volatile array,redefine strategic content,""""""
25,1602381122,438,136,Re-engineered actuating emulation,orchestrate 24/7 applications,""""""
29,1558301327,230,123,Profit-focused methodical structure,engage ubiquitous bandwidth,""""""
8,1564952286,1451,150,Networked radical projection,visualize clicks-and-mortar systems,""""""
42,1539685794,619,11,Progressive 4th generation structure,revolutionize seamless users,""""""
9,1590879563,635,119,Front-line bifurcated focus group,expedite plug-and-play communities,""""""
6,1582237084,451,24,Reduced empowering architecture,synthesize cross-platform synergies,""""""
31,1549812627,860,59,Adaptive well-modulated function,syndicate compelling solutions,""""""
41,1594077618,1329,171,Distributed stable monitoring,disintermediate distributed platforms,""""""
13,1588218771,412,74,Multi-layered bi-directional protocol,disintermediate extensible vortals,""""""
47,1538520698,120,96,Synergistic optimizing definition,unleash interactive users,""""""
15,1559818771,6,141,Inverse foreground secured line,unleash next-generation e-tailers,""""""
31,1588781324,1609,128,Synergistic transitional collaboration,utilize granular users,""""""
48,1552671410,1308,167,Compatible analyzing projection,drive cross-media metrics,""""""
16,1597475599,807,70,Balanced neutral knowledge base,maximize collaborative relationships,""""""
38,1573322297,1207,42,Multi-tiered fault-tolerant data-warehouse,exploit vertical web services,""""""
34,1551719984,131,178,Organic national internet solution,facilitate frictionless bandwidth,""""""
48,1583195614,494,97,Adaptive eco-centric array,cultivate strategic solutions,""""""
6,1569412204,741,122,Reduced attitude-oriented pricing structure,mesh customized markets,""""""
39,1580952844,98,65,Upgradable user-facing capability,leverage cutting-edge systems,""""""
14,1592303389,1990,151,Right-sized national framework,integrate B2C web-readiness,""""""
3,1543797212,258,80,Expanded bi-directional firmware,enable best-of-breed markets,""""""
45,1535911938,489,1,Integrated upward-trending database,optimize front-end experiences,""""""
10,1554869954,540,192,Progressive foreground info-mediaries,syndicate out-of-the-box e-services,""""""
31,1567641272,739,26,Business-focused zero defect intranet,aggregate extensible methodologies,""""""
20,1604197469,1271,53,Reverse-engineered bi-directional encryption,seize robust e-commerce,""""""
17,1607532706,266,85,Future-proofed 5th generation emulation,streamline interactive ROI,""""""
33,1543879966,1707,111,User-centric national solution,aggregate turn-key interfaces,""""""
13,1602536662,127,27,Operative dynamic array,morph frictionless models,""""""
36,1556506266,774,99,De-engineered 24/7 emulation,morph sticky applications,""""""
9,1534721983,1977,198,Switchable full-range website,transform wireless convergence,""""""
45,1582967634,1272,158,Virtual solution-oriented workforce,unleash granular initiatives,""""""
27,1558501569,1691,10,Profit-focused methodical structure,whiteboard strategic e-commerce,""""""
25,1556047867,1401,135,Multi-channelled user-facing conglomeration,evolve ubiquitous eyeballs,""""""
19,1559642205,1979,153,Universal context-sensitive architecture,scale next-generation eyeballs,""""""
36,1561805190,1189,58,Vision-oriented context-sensitive analyzer,aggregate B2C paradigms,""""""
18,1548816566,118,149,Total dedicated orchestration,target compelling interfaces,""""""
44,1560892560,1033,8,Streamlined 5th generation capacity,disintermediate 24/365 technologies,""""""
26,1548476895,327,75,Operative disintermediate budgetary management,repurpose strategic partnerships,""""""
44,1546319277,293,166,Seamless content-based array,maximize customized solutions,""""""
29,1591015586,993,48,Horizontal leading edge structure,benchmark turn-key bandwidth,""""""
44,1550964258,1643,85,Programmable context-sensitive function,exploit 24/7 communities,""""""
40,1567666823,1795,47,Reverse-engineered regional framework,scale wireless models,""""""
27,1573291542,1731,154,Vision-oriented holistic migration,mesh 24/7 markets,""""""
6,1578294177,1105,56,Focused discrete focus group,engage web-enabled action-items,""""""
23,1540452032,368,56,Seamless national open architecture,iterate proactive niches,""""""
45,1550831747,773,58,Object-based disintermediate knowledge base,leverage B2B initiatives,""""""
35,1554107044,1674,108,Innovative clear-thinking contingency,synthesize customized paradigms,""""""
25,1584085854,145,144,Decentralized well-modulated middleware,enhance open-source web-readiness,""""""
31,1553624108,1008,37,Ergonomic holistic groupware,e-enable user-centric niches,""""""
41,1572908191,1076,68,Upgradable radical analyzer,productize user-centric interfaces,""""""
47,1603988446,528,20,Quality-focused fresh-thinking data-warehouse,embrace collaborative e-business,""""""
4,1554096929,1195,2,Face to face homogeneous standardization,recontextualize end-to-end ROI,""""""
11,1565479050,760,129,Compatible disintermediate installation,orchestrate next-generation synergies,""""""
28,1571792143,1068,21,Reverse-engineered dedicated benchmark,redefine frictionless supply-chains,""""""
31,1577319614,245,12,Organic fresh-thinking portal,aggregate open-source interfaces,""""""
3,1605698362,1239,124,Right-sized responsive matrix,seize cutting-edge technologies,""""""
1,1534032579,646,108,Cross-group regional methodology,innovate web-enabled channels,""""""
7,1570766334,1955,63,Distributed next generation capability,streamline back-end e-tailers,""""""
39,1544531916,1104,15,Optional discrete productivity,optimize bleeding-edge schemas,""""""
39,1550492588,509,163,Monitored real-time definition,target bleeding-edge experiences,""""""
38,1592124195,795,173,Stand-alone bottom-line productivity,maximize leading-edge models,""""""
21,1542223828,999,157,Stand-alone national process improvement,envisioneer innovative methodologies,""""""
11,1533305862,1595,90,Business-focused modular attitude,empower e-business partnerships,""""""
27,1584464017,336,182,Integrated background standardization,leverage cross-media schemas,""""""
22,1561958859,795,155,Secured bifurcated hub,reintermediate intuitive web services,""""""
30,1582476383,311,129,Quality-focused dynamic instruction set,engineer integrated e-services,""""""
31,1545754740,1046,88,Right-sized value-added toolset,synergize web-enabled solutions,""""""
34,1593721300,1356,50,Self-enabling actuating project,exploit cross-platform initiatives,""""""
43,1552387727,1981,195,Innovative responsive workforce,envisioneer magnetic e-business,""""""
45,1607812624,1264,60,Multi-channelled contextually-based interface,envisioneer visionary e-markets,""""""
41,1591049324,1675,34,Mandatory eco-centric help-desk,syndicate 24/7 models,""""""
6,1543413984,592,80,Sharable optimizing encoding,deploy one-to-one applications,""""""
11,1541288066,838,161,Innovative value-added secured line,scale back-end eyeballs,""""""
13,1548968683,1315,113,Re-engineered coherent moderator,visualize customized ROI,""""""
3,1583214866,521,181,User-centric web-enabled toolset,utilize killer relationships,""""""
44,1534766203,957,149,Sharable zero tolerance alliance,deliver integrated communities,""""""
49,1590474651,1722,84,Phased hybrid conglomeration,orchestrate scalable mindshare,""""""
27,1605837094,1068,185,Synergistic asynchronous firmware,synergize collaborative content,""""""
13,1554236030,1931,23,Cloned clear-thinking software,leverage end-to-end vortals,""""""
31,1591543380,977,166,Synchronised maximized productivity,streamline B2B supply-chains,""""""
17,1568375633,1215,136,Multi-tiered value-added open system,incubate strategic supply-chains,""""""
17,1574050450,1649,145,Adaptive even-keeled archive,implement killer users,""""""
16,1601287814,1135,142,Distributed coherent encryption,grow intuitive supply-chains,""""""
3,1542421419,1538,119,User-friendly bi-directional workforce,leverage innovative niches,""""""
16,1543606825,688,76,Reactive transitional support,harness best-of-breed solutions,""""""
4,1556431722,348,141,Seamless asynchronous monitoring,recontextualize integrated relationships,""""""
26,1585661331,613,70,Persevering 6th generation moderator,synergize collaborative ROI,""""""
43,1549996734,754,161,Managed directional customer loyalty,reintermediate wireless communities,""""""
33,1558897535,1829,185,Exclusive eco-centric pricing structure,reintermediate killer channels,""""""
6,1576921994,1738,167,Implemented transitional leverage,synergize efficient convergence,""""""
13,1597435910,388,131,Expanded encompassing support,aggregate turn-key synergies,""""""
3,1606692992,1764,43,Progressive eco-centric toolset,scale robust users,""""""
9,1539686790,457,126,User-centric clear-thinking system engine,iterate end-to-end technologies,""""""
5,1544833176,1921,72,Synergized global superstructure,extend impactful eyeballs,""""""
33,1554427052,1995,174,Function-based well-modulated adapter,optimize 24/7 e-markets,""""""
11,1563280517,534,138,Up-sized analyzing throughput,empower real-time e-business,""""""
41,1574070416,1109,57,Managed methodical knowledge base,architect distributed infomediaries,""""""
38,1597398361,1139,153,Cloned maximized groupware,leverage end-to-end supply-chains,""""""
13,1588308712,1474,125,Extended systemic archive,iterate best-of-breed solutions,""""""
28,1533823916,1381,164,Multi-layered bi-directional approach,maximize strategic partnerships,""""""
24,1535944051,123,75,Configurable reciprocal alliance,extend magnetic models,""""""
16,1575868343,1116,62,Reverse-engineered foreground structure,whiteboard customized architectures,""""""
41,1585070723,1390,22,Implemented 24/7 interface,reintermediate cross-media convergence,""""""
20,1556213321,1290,116,Distributed reciprocal migration,syndicate collaborative deliverables,""""""
41,1602890268,1740,50,Universal mission-critical extranet,integrate bleeding-edge e-business,""""""
39,1533556063,486,85,User-friendly cohesive orchestration,drive visionary solutions,""""""
43,1598503127,1547,117,Compatible optimizing matrix,grow value-added initiatives,""""""
11,1557407821,653,64,Persevering demand-driven help-desk,enhance web-enabled vortals,""""""
44,1570709657,695,163,Reactive logistical capability,redefine cross-media bandwidth,""""""
16,1543103145,1845,98,Polarised interactive policy,embrace granular initiatives,""""""
15,1568108172,1163,58,Grass-roots multimedia time-frame,optimize impactful e-business,""""""
5,1567868017,235,11,Function-based fault-tolerant function,enhance world-class web services,""""""
24,1548391500,276,175,Synergistic mission-critical artificial intelligence,grow compelling metrics,""""""
39,1545852325,1461,157,Triple-buffered analyzing artificial intelligence,transition extensible partnerships,""""""
26,1601940945,1488,120,Sharable context-sensitive capacity,deliver e-business vortals,""""""
27,1570251429,1067,23,Diverse 24/7 task-force,empower turn-key solutions,""""""
45,1556962129,1168,141,Innovative solution-oriented moderator,generate visionary markets,""""""
25,1533381932,951,90,Exclusive 4th generation product,enable viral initiatives,""""""
9,1571359268,246,136,Robust radical concept,grow wireless technologies,""""""
2,1563519137,1255,67,Reduced clear-thinking hierarchy,extend end-to-end vortals,""""""
18,1575425444,731,104,Exclusive well-modulated analyzer,drive one-to-one communities,""""""
9,1579417771,79,124,Team-oriented content-based knowledge base,seize distributed systems,""""""
38,1568930371,1626,119,User-friendly cohesive knowledge base,exploit revolutionary synergies,""""""
21,1593961667,564,181,Persevering tertiary concept,whiteboard interactive vortals,""""""
13,1595430770,439,43,Diverse empowering methodology,repurpose killer architectures,""""""
16,1608354952,1524,64,Profound methodical system engine,revolutionize rich bandwidth,""""""
38,1599618415,582,27,Configurable reciprocal superstructure,embrace e-business infrastructures,""""""
8,1562037826,646,99,Virtual non-volatile budgetary management,enable world-class technologies,""""""
45,1570846505,1335,26,Adaptive executive strategy,mesh ubiquitous content,""""""
12,1553674104,426,91,Implemented logistical analyzer,generate enterprise vortals,""""""
47,1550674194,1031,169,Synergistic empowering pricing structure,embrace robust web services,""""""
22,1555258896,413,188,Upgradable discrete ability,streamline strategic e-services,""""""
1,1591956949,1563,42,Sharable mission-critical policy,recontextualize granular markets,""""""
26,1592318054,874,38,Programmable stable architecture,target real-time architectures,""""""
38,1589371462,509,60,Decentralized 3rd generation secured line,productize B2B communities,""""""
37,1543893410,1087,129,Distributed asymmetric local area network,reintermediate front-end e-services,""""""
41,1542526164,1481,73,Multi-tiered asynchronous hierarchy,deliver intuitive e-services,""""""
34,1601316346,828,123,Reverse-engineered explicit info-mediaries,aggregate cross-platform e-markets,""""""
9,1565038475,1953,152,Diverse fresh-thinking moratorium,engage clicks-and-mortar metrics,""""""
10,1567187706,294,110,Persevering coherent model,unleash efficient technologies,""""""
10,1593748736,828,174,Up-sized bandwidth-monitored circuit,architect sexy ROI,""""""
26,1602459204,1527,45,Multi-tiered multi-state toolset,reintermediate intuitive relationships,""""""
4,1583320609,1865,136,Seamless exuding model,synergize sticky markets,""""""
38,1554586448,264,169,Streamlined zero defect toolset,maximize one-to-one synergies,""""""
31,1567570502,687,149,Virtual global middleware,scale next-generation networks,""""""
27,1533828604,1923,30,Object-based needs-based implementation,synthesize B2B e-services,""""""
9,1538134251,1130,157,Seamless holistic migration,orchestrate e-business markets,""""""
20,1558935697,1934,180,Digitized client-driven utilisation,innovate open-source niches,""""""
17,1560826159,725,117,Centralized composite framework,optimize efficient partnerships,""""""
17,1600354007,1327,159,Front-line grid-enabled array,productize mission-critical paradigms,""""""
34,1541304595,645,7,Organic 6th generation encryption,evolve impactful deliverables,""""""
20,1588853431,116,102,Enhanced cohesive interface,visualize mission-critical channels,""""""
32,1558842665,1896,45,Cross-group tertiary pricing structure,disintermediate one-to-one schemas,""""""
50,1592073495,215,29,Multi-tiered tertiary moratorium,extend end-to-end functionalities,""""""
30,1574714940,748,64,Fully-configurable client-driven framework,utilize 24/365 content,""""""
5,1594568937,294,183,Visionary real-time circuit,e-enable wireless vortals,""""""
6,1576117343,791,14,Universal incremental matrix,scale mission-critical channels,""""""
30,1535044492,87,49,Phased hybrid open architecture,disintermediate bricks-and-clicks ROI,""""""
41,1540822655,697,96,Advanced system-worthy knowledge base,cultivate web-enabled portals,""""""
49,1577059888,996,103,Horizontal responsive website,enable B2B metrics,""""""
15,1541322211,1347,167,Down-sized asynchronous capability,architect clicks-and-mortar e-markets,""""""
5,1581932580,1321,149,Progressive real-time synergy,iterate open-source interfaces,""""""
39,1585399808,129,13,Innovative upward-trending Graphical User Interface,syndicate turn-key vortals,""""""
28,1573298176,1623,104,Open-architected well-modulated project,synergize cutting-edge users,""""""
43,1554332411,1087,144,Synchronised fault-tolerant solution,deliver cutting-edge e-business,""""""
19,1605980598,631,194,Multi-lateral solution-oriented analyzer,optimize open-source deliverables,""""""
48,1597921807,1792,71,Diverse transitional array,incubate innovative communities,""""""
4,1595603285,1409,162,Open-source 24 hour monitoring,maximize world-class channels,""""""
28,1608280291,169,187,Universal heuristic attitude,evolve open-source bandwidth,""""""
4,1602356966,397,92,Decentralized object-oriented workforce,enable web-enabled channels,""""""
49,1553253435,658,165,Re-contextualized dynamic approach,orchestrate plug-and-play paradigms,""""""
3,1575816198,38,181,Team-oriented 24 hour conglomeration,strategize distributed users,""""""
29,1608053140,1259,36,Focused content-based help-desk,aggregate interactive e-tailers,""""""
42,1599955400,943,98,Integrated multimedia encryption,monetize cutting-edge portals,""""""
29,1601350517,522,159,Compatible cohesive strategy,morph ubiquitous solutions,""""""
47,1576261122,283,142,Multi-layered non-volatile analyzer,deploy transparent action-items,""""""
9,1589671005,1896,129,Object-based transitional utilisation,productize vertical models,""""""
31,1581123724,240,159,Expanded regional middleware,revolutionize B2C deliverables,""""""
20,1554499616,244,150,Phased intermediate knowledge base,cultivate strategic web-readiness,""""""
40,1587635328,1982,32,Switchable web-enabled moderator,recontextualize cutting-edge networks,""""""
36,1570134302,885,199,Profound actuating function,strategize B2C content,""""""
50,1598979383,514,194,Secured dedicated task-force,deploy dot-com e-commerce,""""""
2,1566362297,706,38,Public-key object-oriented project,monetize virtual bandwidth,""""""
14,1550508523,1971,25,Versatile didactic capacity,engage back-end relationships,""""""
48,1558455779,792,180,Quality-focused actuating open architecture,facilitate vertical niches,""""""
35,1535290702,381,22,Up-sized fault-tolerant encryption,redefine intuitive initiatives,""""""
26,1549772132,1241,92,Organized fault-tolerant artificial intelligence,synergize best-of-breed e-markets,""""""
17,1571683511,406,186,Multi-tiered attitude-oriented open system,deploy 24/7 solutions,""""""
35,1586761620,817,133,Quality-focused coherent orchestration,reintermediate turn-key action-items,""""""
39,1600606508,56,189,Synergistic scalable circuit,benchmark real-time networks,""""""
7,1562613135,1688,71,Enterprise-wide coherent encoding,enable collaborative paradigms,""""""
4,1533821489,1870,74,Robust well-modulated open system,streamline mission-critical synergies,""""""
22,1584253856,1364,196,Multi-channelled asymmetric Graphic Interface,brand collaborative architectures,""""""
34,1541630670,156,91,Ergonomic contextually-based algorithm,strategize open-source e-business,""""""
49,1584013203,141,95,Digitized well-modulated secured line,redefine enterprise web-readiness,""""""
24,1557765842,1079,11,Digitized web-enabled matrices,synthesize holistic technologies,""""""
17,1562520299,602,106,Right-sized solution-oriented orchestration,benchmark dynamic platforms,""""""
18,1568938554,805,47,Switchable fresh-thinking leverage,mesh rich convergence,""""""
24,1573060893,17,161,Fully-configurable client-server product,visualize sexy web services,""""""
20,1577644865,1711,185,Managed eco-centric matrices,scale proactive mindshare,""""""
23,1597666829,519,101,Reactive dynamic projection,incentivize B2C eyeballs,""""""
5,1593266377,1388,161,Fundamental attitude-oriented Graphical User Interface,utilize ubiquitous platforms,""""""
31,1562078686,661,97,Distributed asynchronous hierarchy,reinvent revolutionary metrics,""""""
10,1554761397,1000,77,Fundamental mission-critical policy,repurpose real-time initiatives,""""""
14,1569270624,63,142,Quality-focused regional standardization,optimize granular web services,""""""
6,1599464024,491,56,User-friendly fresh-thinking artificial intelligence,disintermediate robust architectures,""""""
14,1561441426,1937,159,Pre-emptive didactic benchmark,deploy transparent e-markets,""""""
50,1606122017,814,138,Monitored clear-thinking definition,optimize synergistic partnerships,""""""
30,1557609227,681,65,Monitored context-sensitive contingency,deploy leading-edge applications,""""""
9,1596546121,126,13,Compatible value-added website,integrate robust e-commerce,""""""
19,1600982918,335,67,Customer-focused incremental leverage,transition integrated ROI,""""""
19,1571812333,559,103,Mandatory tertiary product,whiteboard integrated content,""""""
21,1576396845,1369,143,Profound cohesive analyzer,repurpose front-end solutions,""""""
50,1577500123,1968,38,Self-enabling 4th generation monitoring,iterate compelling networks,""""""
21,1570441258,80,84,Optimized 4th generation service-desk,whiteboard out-of-the-box partnerships,""""""
37,1535972773,1329,131,Digitized zero defect model,e-enable magnetic synergies,""""""
48,1599971842,1925,169,Organic empowering artificial intelligence,engineer scalable e-tailers,""""""
33,1539141253,1340,17,Reactive exuding monitoring,scale 24/7 e-tailers,""""""
24,1559592829,528,121,Visionary intangible contingency,syndicate cutting-edge synergies,""""""
8,1569765498,269,18,Extended cohesive frame,recontextualize open-source paradigms,""""""
32,1559397473,1306,198,Diverse clear-thinking knowledge base,matrix best-of-breed platforms,""""""
39,1545514982,204,88,Open-architected coherent service-desk,mesh user-centric applications,""""""
47,1589871440,214,7,Intuitive context-sensitive moratorium,deploy user-centric networks,""""""
27,1541505818,894,39,Expanded coherent policy,target efficient paradigms,""""""
4,1574879370,1270,31,Assimilated reciprocal moratorium,streamline mission-critical infomediaries,""""""
37,1606294651,1847,83,Front-line bi-directional implementation,exploit rich web services,""""""
39,1598916165,1693,169,Intuitive 24 hour customer loyalty,incentivize granular communities,""""""
26,1590736341,1828,68,Automated incremental adapter,expedite transparent functionalities,""""""
20,1580362484,1748,17,Multi-channelled motivating knowledge user,recontextualize transparent web services,""""""
10,1568574429,1474,144,Profound web-enabled customer loyalty,whiteboard interactive platforms,""""""
49,1598456762,543,181,Face to face cohesive internet solution,aggregate 24/7 web services,""""""
8,1535163773,1898,130,Digitized static capacity,syndicate real-time functionalities,""""""
6,1567271490,1551,88,Extended even-keeled productivity,aggregate end-to-end action-items,""""""
4,1549901725,1692,147,Exclusive asymmetric local area network,envisioneer seamless bandwidth,""""""
13,1570370327,742,191,Virtual regional toolset,deploy 24/365 synergies,""""""
17,1608599362,1007,51,Centralized local contingency,synergize best-of-breed infrastructures,""""""
31,1556020048,1373,149,Realigned 5th generation hardware,syndicate cutting-edge initiatives,""""""
31,1605374575,608,60,Multi-channelled empowering implementation,whiteboard collaborative portals,""""""
6,1533683265,1575,16,Configurable fresh-thinking internet solution,scale visionary vortals,""""""
28,1565764618,1287,84,Universal dedicated array,transform compelling bandwidth,""""""
48,1567932928,1879,195,Customer-focused value-added migration,disintermediate plug-and-play networks,""""""
20,1599682716,1027,105,Re-contextualized real-time benchmark,evolve holistic metrics,""""""
3,1544622793,1482,11,Horizontal didactic capability,unleash visionary functionalities,""""""
20,1601478218,469,154,Future-proofed global forecast,incentivize frictionless e-commerce,""""""
14,1593489113,152,79,Diverse uniform utilisation,whiteboard scalable relationships,""""""
16,1569561322,182,55,Automated full-range process improvement,brand virtual functionalities,""""""
45,1594986960,598,29,Realigned grid-enabled paradigm,architect sexy ROI,""""""
47,1552095992,945,156,Quality-focused optimizing solution,scale bricks-and-clicks bandwidth,""""""
12,1586404918,1843,26,Sharable disintermediate budgetary management,engineer B2B networks,""""""
7,1553511925,923,195,Compatible grid-enabled superstructure,generate innovative users,""""""
24,1549754890,1272,74,Optimized modular matrix,transition clicks-and-mortar synergies,""""""
28,1576451304,1674,50,Configurable 24/7 function,implement turn-key web services,""""""
30,1567530830,779,38,Business-focused full-range strategy,disintermediate synergistic communities,""""""
26,1545589219,1717,117,Advanced homogeneous product,visualize bleeding-edge vortals,""""""
35,1582848235,1283,8,Stand-alone methodical infrastructure,unleash compelling partnerships,""""""
23,1606238634,1335,96,Programmable object-oriented synergy,scale 24/365 supply-chains,""""""
47,1566950361,1516,150,Profit-focused uniform structure,monetize sticky action-items,""""""
38,1557513818,94,134,Front-line even-keeled project,empower dynamic e-services,""""""
8,1603400832,1570,71,Quality-focused empowering function,enable innovative web-readiness,""""""
4,1606823416,1178,21,De-engineered 3rd generation installation,repurpose wireless e-business,""""""
46,1587026814,342,70,Integrated tertiary artificial intelligence,reinvent cross-platform partnerships,""""""
1,1584306854,51,150,Innovative next generation collaboration,embrace robust infomediaries,""""""
41,1544030444,293,104,Synchronised eco-centric infrastructure,transform vertical ROI,""""""
45,1573572078,137,128,Optional incremental budgetary management,aggregate one-to-one infrastructures,""""""
2,1589767218,1042,145,De-engineered upward-trending matrix,recontextualize granular schemas,""""""
44,1606003374,186,85,Configurable dynamic local area network,incentivize rich convergence,""""""
13,1598582903,1160,179,Managed homogeneous open architecture,whiteboard mission-critical relationships,""""""
14,1593004643,1123,112,Synergized motivating database,harness dynamic niches,""""""
1,1608657426,52,126,Distributed multimedia open architecture,whiteboard innovative action-items,""""""
39,1543878524,730,109,Ergonomic leading edge secured line,engineer scalable markets,""""""
10,1574918962,371,173,Cross-platform reciprocal internet solution,leverage frictionless functionalities,""""""
36,1586970788,570,26,Innovative actuating firmware,monetize best-of-breed infomediaries,""""""
2,1548731605,479,41,Vision-oriented content-based support,redefine holistic relationships,""""""
22,1602021322,724,65,Quality-focused motivating emulation,benchmark robust methodologies,""""""
34,1540260494,1271,200,Sharable fault-tolerant Graphical User Interface,engage vertical ROI,""""""
10,1548990425,1433,146,Fully-configurable real-time monitoring,expedite interactive partnerships,""""""
20,1541877163,503,199,Ergonomic empowering artificial intelligence,envisioneer innovative convergence,""""""
15,1588623122,1832,195,Adaptive fresh-thinking synergy,engineer dot-com users,""""""
7,1535632334,177,11,Phased composite open architecture,expedite wireless mindshare,""""""
9,1554015186,1114,25,Diverse zero administration data-warehouse,whiteboard vertical functionalities,""""""
19,1589845352,97,73,Seamless stable firmware,matrix holistic methodologies,""""""
47,1557117812,376,192,Optional eco-centric success,drive viral e-markets,""""""
46,1536408596,828,6,Secured system-worthy software,engineer plug-and-play technologies,""""""
20,1575621230,115,49,Ergonomic optimal structure,unleash revolutionary experiences,""""""
16,1549821917,1704,82,Focused directional adapter,enable back-end convergence,""""""
3,1543977811,961,195,Triple-buffered explicit matrices,generate customized eyeballs,""""""
14,1575436541,1341,7,Universal multi-state infrastructure,enable next-generation channels,""""""
1,1550835706,1623,186,Innovative fresh-thinking archive,implement intuitive initiatives,""""""
12,1553264091,562,190,Multi-channelled incremental matrices,extend innovative content,""""""
5,1593071356,1183,62,Extended asymmetric moratorium,enable front-end solutions,""""""
41,1533324430,1194,52,Secured directional info-mediaries,unleash open-source infrastructures,""""""
40,1571636992,817,176,Decentralized even-keeled strategy,empower interactive synergies,""""""
41,1538620067,1399,183,Visionary directional migration,utilize viral metrics,""""""
34,1551812755,1590,192,Operative cohesive local area network,productize synergistic deliverables,""""""
47,1591637452,521,38,Visionary zero defect firmware,whiteboard web-enabled relationships,""""""
36,1549877365,1988,150,Distributed uniform parallelism,utilize front-end bandwidth,""""""
23,1557643844,1941,15,Devolved dynamic data-warehouse,matrix seamless systems,""""""
5,1539710470,894,10,Inverse 4th generation artificial intelligence,seize revolutionary methodologies,""""""
48,1576297327,1376,132,Networked coherent flexibility,extend rich ROI,""""""
13,1556689876,1182,163,Centralized contextually-based contingency,e-enable intuitive schemas,""""""
25,1539287139,981,187,Managed executive system engine,evolve distributed mindshare,""""""
18,1577604694,1573,14,Innovative 24 hour intranet,incentivize cutting-edge partnerships,""""""
14,1602259224,332,136,Front-line clear-thinking neural-net,scale global mindshare,""""""
38,1583635174,1423,166,User-centric mission-critical migration,implement revolutionary infrastructures,""""""
30,1541682330,4,51,Cross-group user-facing internet solution,syndicate world-class relationships,""""""
9,1590656839,1240,120,Operative zero administration utilisation,incentivize virtual models,""""""
18,1574397289,377,113,Seamless contextually-based conglomeration,enable intuitive networks,""""""
16,1599306578,1837,14,Sharable leading edge parallelism,incentivize vertical interfaces,""""""
40,1551427086,495,81,Diverse needs-based local area network,integrate value-added synergies,""""""
40,1553989840,511,191,Triple-buffered logistical time-frame,brand one-to-one infrastructures,""""""
8,1562004884,419,87,Persevering responsive analyzer,leverage sticky users,""""""
31,1607007077,332,171,Persevering static Graphical User Interface,expedite seamless e-commerce,""""""
38,1571307168,29,112,Seamless content-based knowledge user,revolutionize web-enabled e-services,""""""
47,1592299329,1901,50,Cross-group systematic migration,embrace distributed paradigms,""""""
40,1561842284,780,5,Synchronised systematic capability,benchmark open-source ROI,""""""
17,1598941995,406,142,Right-sized multi-state moderator,synergize plug-and-play architectures,""""""
27,1574105749,1186,196,Optimized object-oriented toolset,scale compelling communities,""""""
29,1558403101,311,172,Open-architected 24/7 implementation,reintermediate killer schemas,""""""
14,1592213466,807,102,Multi-layered context-sensitive utilisation,brand cutting-edge networks,""""""
46,1565502315,360,187,Polarised static conglomeration,engage 24/365 e-tailers,""""""
21,1576407110,780,185,Triple-buffered zero tolerance complexity,embrace extensible platforms,""""""
15,1540136725,1182,153,Organic responsive extranet,envisioneer real-time ROI,""""""
15,1594911043,94,110,Multi-channelled content-based open architecture,scale value-added web-readiness,""""""
50,1598968119,1170,55,User-friendly holistic time-frame,generate ubiquitous communities,""""""
3,1589043406,1212,17,Horizontal next generation paradigm,synthesize plug-and-play methodologies,""""""
20,1582294998,21,197,Diverse coherent definition,grow end-to-end systems,""""""
13,1547924526,910,131,Focused impactful superstructure,strategize proactive portals,""""""
42,1556039179,1427,43,Cross-platform next generation toolset,morph B2C applications,""""""
24,1608538128,954,47,Enterprise-wide exuding functionalities,architect bricks-and-clicks relationships,""""""
25,1575449378,745,71,Diverse dynamic application,facilitate proactive e-services,""""""
12,1581798698,944,82,Object-based background implementation,innovate cross-platform eyeballs,""""""
41,1586504429,577,43,User-centric demand-driven core,deliver impactful synergies,""""""
8,1606652842,1111,133,Optimized non-volatile workforce,streamline robust niches,""""""
40,1547646045,1403,65,Function-based 24 hour neural-net,innovate enterprise e-services,""""""
8,1539837373,365,139,Front-line 24/7 instruction set,iterate viral interfaces,""""""
31,1554647777,1572,149,Multi-channelled reciprocal secured line,reinvent sexy synergies,""""""
14,1607802749,133,85,Universal bottom-line implementation,grow leading-edge content,""""""
46,1538776447,944,193,Configurable user-facing firmware,expedite interactive convergence,""""""
48,1603272045,1273,11,Networked client-driven firmware,synthesize one-to-one models,""""""
50,1578555628,1110,175,Inverse multimedia challenge,optimize cutting-edge technologies,""""""
22,1583527343,977,98,Inverse actuating initiative,morph impactful convergence,""""""
28,1552136762,1964,23,Self-enabling national algorithm,envisioneer cross-platform networks,""""""
26,1602032119,1286,185,Organic coherent capability,implement magnetic niches,""""""
9,1539086856,1146,64,Monitored next generation function,synthesize open-source platforms,""""""
50,1608127810,1408,118,Enterprise-wide eco-centric success,reinvent intuitive e-commerce,""""""
24,1608208831,1705,54,Total systematic throughput,reinvent customized mindshare,""""""
35,1543777483,925,101,Cross-group 4th generation knowledge user,benchmark turn-key infomediaries,""""""
47,1573554035,382,40,Realigned cohesive toolset,optimize cutting-edge e-tailers,""""""
42,1562585744,284,103,Customer-focused cohesive algorithm,extend out-of-the-box infrastructures,""""""
43,1535017257,657,112,Multi-layered analyzing adapter,reintermediate out-of-the-box synergies,""""""
28,1558311193,623,145,Integrated next generation software,brand leading-edge bandwidth,""""""
44,1560835332,402,111,Devolved multi-tasking projection,repurpose efficient e-tailers,""""""
44,1589421076,1912,87,Organized zero defect customer loyalty,matrix mission-critical initiatives,""""""
47,1567730931,1315,42,Horizontal zero defect software,disintermediate impactful web-readiness,""""""
15,1555899470,845,186,Realigned uniform installation,syndicate frictionless schemas,""""""
50,1566479642,1919,84,Cloned incremental hierarchy,deploy dot-com eyeballs,""""""
22,1572072801,108,196,Down-sized explicit paradigm,envisioneer granular mindshare,""""""
18,1586753539,1319,102,Streamlined leading edge moratorium,redefine integrated systems,""""""
30,1581847267,1640,141,Multi-layered analyzing initiative,reinvent killer partnerships,""""""
11,1590274164,1585,47,Universal explicit project,drive sexy infrastructures,""""""
26,1592050823,706,139,Distributed coherent leverage,streamline intuitive content,""""""
8,1599778368,578,76,Phased eco-centric capability,mesh virtual users,""""""
2,1571537984,954,139,Triple-buffered optimizing approach,grow 24/7 e-services,""""""
20,1591567390,1522,12,Decentralized object-oriented software,reinvent transparent mindshare,""""""
44,1545528183,713,72,Ergonomic system-worthy service-desk,evolve collaborative experiences,""""""
32,1575046428,94,107,Devolved system-worthy knowledge base,incentivize e-business technologies,""""""
42,1574551241,1992,91,Synergized object-oriented groupware,enhance best-of-breed platforms,""""""
11,1540812883,680,49,Switchable optimizing paradigm,iterate strategic communities,""""""
40,1566877196,1666,80,Realigned local website,integrate interactive supply-chains,""""""
37,1533890253,258,190,Mandatory impactful solution,transform open-source web services,""""""
37,1558820081,908,146,Visionary tangible process improvement,unleash end-to-end relationships,""""""
45,1540537271,1426,143,Profound foreground infrastructure,mesh front-end vortals,""""""
48,1566155807,429,173,Reactive national instruction set,seize synergistic networks,""""""
45,1551989503,431,14,Ameliorated composite emulation,transform synergistic infomediaries,""""""
3,1535493066,1993,83,Total client-driven circuit,morph leading-edge platforms,""""""
29,1549302559,1479,150,Progressive local complexity,transform killer content,""""""
5,1565877964,495,190,Function-based multimedia model,innovate dot-com partnerships,""""""
29,1570417101,910,36,Focused 24 hour Graphic Interface,unleash best-of-breed convergence,""""""
16,1534630836,1769,188,Secured client-driven moratorium,brand sexy e-business,""""""
41,1563724269,1034,90,Focused dedicated hardware,target virtual models,""""""
44,1551228089,1721,126,Assimilated foreground complexity,revolutionize vertical methodologies,""""""
40,1578551526,1783,154,Exclusive systemic ability,monetize visionary portals,""""""
16,1579542454,1098,109,Persevering methodical conglomeration,aggregate collaborative architectures,""""""
5,1573933927,642,59,Versatile cohesive monitoring,mesh open-source metrics,""""""
25,1568901967,56,38,Future-proofed 5th generation intranet,recontextualize distributed communities,""""""
2,1592690782,613,129,Total value-added flexibility,orchestrate back-end convergence,""""""
48,1592991823,423,166,Optimized bi-directional model,synthesize best-of-breed e-tailers,""""""
48,1601136534,1039,7,Ergonomic human-resource secured line,incubate dot-com models,""""""
28,1596893375,802,24,Persistent bifurcated access,scale collaborative e-tailers,""""""
48,1536143237,1510,80,Advanced zero defect matrices,synthesize best-of-breed channels,""""""
2,1549923177,1864,124,Stand-alone multimedia paradigm,unleash integrated action-items,""""""
47,1539868639,1275,42,Up-sized eco-centric capacity,synthesize end-to-end mindshare,""""""
23,1537363473,1118,97,Re-engineered methodical help-desk,scale robust deliverables,""""""
43,1554077339,1439,151,Pre-emptive 6th generation strategy,reinvent rich ROI,""""""
42,1569454465,1764,136,Automated explicit paradigm,matrix e-business communities,""""""
3,1552510451,16,106,Cross-group non-volatile info-mediaries,productize leading-edge relationships,""""""
18,1573855261,937,55,Reverse-engineered clear-thinking forecast,utilize best-of-breed action-items,""""""
30,1582239447,1479,108,Digitized cohesive archive,syndicate innovative e-commerce,""""""
25,1555047294,1812,23,Compatible stable website,incentivize virtual e-commerce,""""""
24,1569265957,1764,117,Managed 24 hour neural-net,orchestrate proactive technologies,""""""
34,1598695659,521,157,Cloned dynamic array,unleash distributed schemas,""""""
10,1583066116,394,10,Centralized client-driven challenge,harness value-added applications,""""""
4,1588963010,1188,43,Reactive logistical matrix,embrace 24/7 web services,""""""
39,1570111607,1411,85,Cloned attitude-oriented attitude,transition user-centric action-items,""""""
20,1570598612,769,194,Focused interactive conglomeration,seize virtual web services,""""""
43,1536210726,920,148,Down-sized maximized productivity,incubate revolutionary infrastructures,""""""
9,1606369738,51,122,De-engineered fault-tolerant analyzer,utilize one-to-one web-readiness,""""""
32,1598306265,760,176,Organized fresh-thinking access,target granular e-tailers,""""""
5,1599681106,292,14,Upgradable static service-desk,enhance intuitive applications,""""""
1,1569870957,996,178,Seamless coherent secured line,matrix viral web-readiness,""""""
3,1547861243,7,127,Phased 5th generation productivity,harness end-to-end experiences,""""""
41,1576098355,1609,147,Advanced responsive support,exploit out-of-the-box action-items,""""""
38,1606125812,220,17,Reduced directional capacity,matrix integrated users,""""""
5,1585515117,790,142,Configurable analyzing moratorium,integrate transparent functionalities,""""""
34,1586910925,630,8,Optional value-added toolset,incubate strategic markets,""""""
37,1586450812,376,166,Multi-lateral context-sensitive monitoring,reintermediate vertical content,""""""
27,1569764579,1502,90,Balanced heuristic function,facilitate back-end infomediaries,""""""
11,1603462083,319,36,Object-based multi-tasking conglomeration,repurpose sexy architectures,""""""
3,1582728947,1654,39,Multi-tiered non-volatile analyzer,redefine sticky vortals,""""""
26,1549639103,955,144,Cloned holistic forecast,envisioneer next-generation functionalities,""""""
24,1577023422,630,115,Multi-lateral heuristic challenge,envisioneer end-to-end functionalities,""""""
2,1595337005,1624,46,Persistent leading edge encryption,embrace seamless applications,""""""
34,1608289138,1739,65,Synergistic cohesive support,leverage transparent action-items,""""""
5,1608846160,37,10,Profound 24/7 concept,exploit extensible communities,""""""
20,1553514664,982,39,Reverse-engineered object-oriented protocol,brand bricks-and-clicks schemas,""""""
39,1600772606,53,139,Seamless composite info-mediaries,incubate mission-critical experiences,""""""
35,1539583816,216,44,Up-sized object-oriented database,incubate dynamic portals,""""""
2,1554121206,1796,58,Quality-focused zero defect local area network,matrix real-time users,""""""
49,1601819903,1064,5,Grass-roots contextually-based challenge,generate magnetic mindshare,""""""
33,1539926169,295,66,Quality-focused actuating knowledge base,expedite collaborative relationships,""""""
3,1542083563,1153,64,Switchable transitional toolset,visualize compelling solutions,""""""
40,1559775891,1090,48,User-friendly zero defect approach,redefine frictionless web services,""""""
21,1564175583,74,67,Realigned impactful synergy,empower front-end initiatives,""""""
44,1577547681,486,93,Stand-alone motivating capability,engage plug-and-play schemas,""""""
21,1576353494,1816,92,Integrated transitional solution,benchmark integrated bandwidth,""""""
18,1571357578,669,152,Enhanced web-enabled portal,utilize cross-media systems,""""""
16,1541500353,282,105,Reduced motivating website,generate strategic solutions,""""""
27,1541269050,439,151,Multi-lateral object-oriented migration,synergize impactful interfaces,""""""
10,1581730816,652,27,Automated 6th generation pricing structure,mesh synergistic content,""""""
29,1555147331,1647,102,Synergized mobile task-force,aggregate cross-media e-services,""""""
32,1571804235,957,102,Customer-focused coherent attitude,strategize cutting-edge synergies,""""""
22,1547148363,1182,81,Horizontal tertiary structure,cultivate plug-and-play communities,""""""
20,1549576272,1113,59,De-engineered heuristic internet solution,drive proactive deliverables,""""""
31,1562664503,572,190,Vision-oriented homogeneous secured line,iterate bleeding-edge bandwidth,""""""
10,1550957016,275,74,Grass-roots incremental flexibility,whiteboard synergistic e-commerce,""""""
38,1580899697,1187,40,Digitized homogeneous projection,benchmark transparent methodologies,""""""
19,1570919857,1581,71,Reduced hybrid focus group,syndicate cross-platform supply-chains,""""""
36,1538122259,1794,117,Vision-oriented reciprocal adapter,seize scalable methodologies,""""""
17,1557913159,1882,50,Stand-alone 24/7 portal,reintermediate collaborative partnerships,""""""
44,1541972932,1140,44,Multi-tiered interactive parallelism,incubate vertical schemas,""""""
38,1546234867,526,192,Adaptive bi-directional parallelism,benchmark dynamic interfaces,""""""
50,1590478094,181,197,Business-focused static artificial intelligence,redefine strategic e-commerce,""""""
21,1593324708,1276,149,Organic multi-tasking capability,leverage visionary e-business,""""""
20,1577033693,1269,74,Balanced maximized adapter,transform sticky content,""""""
5,1567105367,412,171,Re-engineered multimedia synergy,expedite proactive mindshare,""""""
13,1591339950,858,134,Streamlined holistic firmware,transition best-of-breed technologies,""""""
13,1604965278,1441,190,Progressive user-facing pricing structure,synthesize distributed action-items,""""""
46,1581031214,420,183,Virtual 3rd generation methodology,generate robust infomediaries,""""""
9,1572888157,1998,157,Enterprise-wide cohesive concept,strategize best-of-breed experiences,""""""
5,1561982749,435,22,Multi-tiered optimal synergy,synergize back-end platforms,""""""
13,1598786542,1806,188,Total zero administration architecture,aggregate enterprise functionalities,""""""
20,1577682357,600,120,Visionary tertiary adapter,harness integrated action-items,""""""
16,1537280013,822,146,Automated well-modulated superstructure,mesh mission-critical initiatives,""""""
25,1544062040,1123,97,Automated homogeneous budgetary management,integrate e-business infrastructures,""""""
27,1572658944,1108,151,Enterprise-wide mobile leverage,enable seamless experiences,""""""
16,1566116058,743,125,Diverse tertiary time-frame,exploit transparent web-readiness,""""""
23,1578746233,675,138,Sharable 4th generation productivity,reintermediate turn-key synergies,""""""
29,1552584065,614,199,Realigned client-server Graphic Interface,benchmark dot-com e-commerce,""""""
3,1574072550,1538,152,Centralized next generation hub,streamline one-to-one systems,""""""
3,1559748956,484,49,Reactive analyzing emulation,utilize killer networks,""""""
42,1545882810,1122,91,Persevering coherent customer loyalty,whiteboard visionary models,""""""
13,1599445383,1966,156,Up-sized bi-directional infrastructure,target strategic mindshare,""""""
1,1535968857,678,199,De-engineered heuristic support,e-enable plug-and-play networks,""""""
7,1594824744,17,84,Vision-oriented 24/7 orchestration,transform strategic interfaces,""""""
26,1606887269,1008,157,Virtual bifurcated utilisation,target sexy applications,""""""
29,1564330101,1256,10,Future-proofed contextually-based access,exploit viral relationships,""""""
25,1560911876,1301,93,Future-proofed 5th generation knowledge user,scale B2B ROI,""""""
40,1600013747,1535,145,Fundamental clear-thinking groupware,utilize best-of-breed eyeballs,""""""
27,1589373415,1722,34,User-centric empowering knowledge user,visualize intuitive applications,""""""
33,1577033351,1180,121,Mandatory uniform superstructure,reintermediate magnetic schemas,""""""
1,1577165111,169,199,Business-focused systemic model,enhance 24/365 initiatives,""""""
45,1538491522,68,188,Multi-lateral interactive database,synergize sticky ROI,""""""
13,1597327167,1950,11,Re-engineered multi-tasking hardware,aggregate holistic functionalities,""""""
17,1550081593,959,83,Team-oriented encompassing moratorium,morph integrated niches,""""""
27,1568825759,1874,129,Persistent neutral utilisation,envisioneer B2B experiences,""""""
22,1548386555,1459,63,Quality-focused upward-trending parallelism,optimize holistic partnerships,""""""
10,1554919245,33,158,Persevering neutral installation,exploit intuitive users,""""""
3,1533603443,477,146,Ergonomic incremental capability,scale B2C applications,""""""
5,1581516896,1227,39,Assimilated static secured line,maximize plug-and-play e-business,""""""
9,1550546042,1256,122,Ergonomic scalable open architecture,enable bleeding-edge markets,""""""
22,1599179862,733,138,Extended 5th generation policy,brand plug-and-play web-readiness,""""""
9,1588258012,943,179,Profound optimizing moratorium,cultivate dynamic e-business,""""""
10,1543398343,1233,10,Seamless reciprocal moderator,target vertical synergies,""""""
45,1569437518,1612,94,Quality-focused contextually-based moderator,generate killer e-commerce,""""""
46,1595125106,1617,87,Assimilated optimizing customer loyalty,facilitate proactive web services,""""""
49,1590479170,24,134,Stand-alone tertiary monitoring,benchmark back-end e-markets,""""""
10,1551862519,142,83,Future-proofed reciprocal attitude,envisioneer seamless mindshare,""""""
24,1594883735,1789,163,Future-proofed regional conglomeration,facilitate dot-com models,""""""
19,1580341713,948,156,Realigned 4th generation monitoring,seize bricks-and-clicks communities,""""""
28,1548484402,448,84,Versatile neutral extranet,scale plug-and-play portals,""""""
40,1548508161,547,28,Vision-oriented interactive extranet,extend out-of-the-box applications,""""""
31,1582526277,553,144,Object-based bandwidth-monitored interface,reintermediate proactive bandwidth,""""""
35,1590673361,787,30,Sharable responsive definition,extend bleeding-edge e-services,""""""
21,1537793458,1054,184,Inverse client-server moderator,whiteboard dot-com schemas,""""""
19,1563681798,1776,183,Front-line mobile task-force,deliver leading-edge content,""""""
42,1561293574,1225,159,Fully-configurable motivating flexibility,maximize e-business infrastructures,""""""
29,1552739611,1765,11,Grass-roots optimizing system engine,exploit real-time deliverables,""""""
1,1575989899,1802,186,Optimized motivating analyzer,engage web-enabled architectures,""""""
28,1595001125,1000,71,Extended 24/7 model,incentivize plug-and-play functionalities,""""""
13,1540495879,724,56,Total empowering help-desk,strategize rich methodologies,""""""
25,1579118764,229,189,Down-sized 3rd generation capability,productize leading-edge metrics,""""""
44,1584488950,1155,153,Centralized national algorithm,reinvent cross-media networks,""""""
24,1571655859,1664,2,User-friendly encompassing service-desk,revolutionize cross-media schemas,""""""
1,1554754046,1167,91,Automated multi-tasking implementation,strategize dynamic content,""""""
9,1598892172,1475,118,Reverse-engineered bandwidth-monitored customer loyalty,architect customized e-markets,""""""
26,1563561908,1035,126,Profound eco-centric pricing structure,matrix global technologies,""""""
16,1606645646,42,142,Visionary bifurcated capacity,streamline scalable metrics,""""""
42,1559117436,840,130,Cross-platform client-driven knowledge user,grow mission-critical web-readiness,""""""
38,1600962177,1068,21,Face to face actuating budgetary management,architect cross-platform content,""""""
18,1547058284,1271,57,Horizontal hybrid parallelism,incubate 24/365 e-business,""""""
43,1601969573,1541,156,Synergistic foreground encryption,incubate end-to-end solutions,""""""
12,1575312566,911,26,Grass-roots radical info-mediaries,recontextualize magnetic schemas,""""""
33,1545831645,322,21,Function-based asymmetric superstructure,redefine out-of-the-box paradigms,""""""
13,1577652529,465,115,Profit-focused high-level portal,syndicate wireless methodologies,""""""
47,1587088503,1092,50,Multi-layered asynchronous challenge,streamline B2B e-business,""""""
22,1566201264,1450,85,Virtual 4th generation encoding,cultivate impactful systems,""""""
15,1545006683,1504,28,Phased secondary data-warehouse,engineer 24/7 vortals,""""""
49,1575609676,577,140,Proactive mobile extranet,generate end-to-end models,""""""
42,1551630278,1496,165,Assimilated methodical approach,benchmark innovative models,""""""
22,1574683058,132,2,Total interactive contingency,transition sexy e-tailers,""""""
30,1541128360,310,67,Profit-focused 6th generation core,reintermediate intuitive infomediaries,""""""
28,1546414921,397,12,Monitored value-added contingency,integrate extensible e-markets,""""""
22,1565132912,581,91,Decentralized systematic function,transform 24/365 supply-chains,""""""
46,1562443946,876,194,Progressive optimal attitude,redefine ubiquitous markets,""""""
7,1561315793,566,65,Operative national functionalities,repurpose granular e-services,""""""
5,1559769583,1111,18,Stand-alone 4th generation functionalities,morph B2C partnerships,""""""
17,1590787917,270,113,Centralized motivating moderator,scale intuitive e-tailers,""""""
20,1544712714,96,20,Exclusive systematic monitoring,disintermediate plug-and-play content,""""""
21,1562690754,12,155,Multi-layered even-keeled utilisation,transition cutting-edge schemas,""""""
36,1599328115,497,142,Cloned object-oriented productivity,iterate user-centric e-business,""""""
30,1541997117,174,111,Managed interactive project,productize bricks-and-clicks channels,""""""
50,1541608255,1450,8,Synergistic client-driven process improvement,deliver world-class niches,""""""
9,1541337251,101,46,Devolved context-sensitive open system,expedite B2B web services,""""""
18,1570734498,753,117,Persevering bottom-line moratorium,leverage collaborative deliverables,""""""
48,1560466297,1861,117,Progressive bottom-line time-frame,transition world-class experiences,""""""
30,1591671127,1193,87,Switchable upward-trending alliance,extend sticky users,""""""
1,1583693028,469,147,Fully-configurable executive analyzer,leverage granular applications,""""""
19,1575904350,994,132,Automated mission-critical instruction set,empower collaborative supply-chains,""""""
10,1583259945,1408,123,Vision-oriented zero tolerance secured line,integrate 24/7 web services,""""""
14,1534449193,1275,51,Organic multi-state strategy,exploit revolutionary infrastructures,""""""
15,1605280100,145,18,Innovative multi-state synergy,syndicate revolutionary eyeballs,""""""
20,1558516439,906,180,Multi-layered methodical standardization,enhance cutting-edge web services,""""""
46,1541111591,1911,152,Adaptive object-oriented methodology,whiteboard distributed synergies,""""""
7,1600801218,1192,110,Front-line system-worthy pricing structure,expedite leading-edge relationships,""""""
24,1554492403,1307,47,Streamlined mission-critical Graphical User Interface,aggregate open-source e-services,""""""
37,1580799548,1300,179,De-engineered incremental matrices,syndicate integrated architectures,""""""
28,1594657240,1154,1,Open-architected full-range system engine,orchestrate intuitive e-services,""""""
44,1541184812,1590,101,Reactive composite encoding,optimize innovative interfaces,""""""
48,1534901384,775,117,Managed eco-centric paradigm,strategize synergistic partnerships,""""""
32,1578001915,1591,25,Multi-tiered intermediate flexibility,aggregate synergistic mindshare,""""""
20,1541464793,174,86,Digitized client-server methodology,harness distributed e-tailers,""""""
44,1555643169,1413,193,Organic multimedia adapter,deliver end-to-end methodologies,""""""
29,1609250569,599,99,Secured empowering infrastructure,visualize e-business functionalities,""""""
23,1572234272,1753,35,Cross-platform 3rd generation contingency,harness strategic infomediaries,""""""
13,1592615651,512,199,Stand-alone human-resource portal,generate collaborative web-readiness,""""""
17,1603705300,609,139,Fundamental systematic encryption,disintermediate mission-critical infrastructures,""""""
33,1552819159,915,35,Compatible logistical secured line,recontextualize efficient bandwidth,""""""
3,1553076863,29,1,Quality-focused holistic circuit,engage compelling methodologies,""""""
44,1575566111,1751,127,Down-sized bandwidth-monitored definition,synergize frictionless initiatives,""""""
44,1573281585,332,86,Customer-focused client-driven synergy,deliver enterprise systems,""""""
15,1569891939,810,196,Focused 4th generation task-force,streamline back-end niches,""""""
22,1592989429,1285,184,Distributed tangible challenge,benchmark sticky web services,""""""
12,1581302026,554,18,Profound web-enabled application,utilize 24/7 convergence,""""""
45,1590648857,500,178,Virtual composite application,deliver granular applications,""""""
1,1540407879,803,83,Decentralized context-sensitive attitude,transition user-centric methodologies,""""""
33,1561950818,806,109,Assimilated upward-trending conglomeration,unleash strategic architectures,""""""
34,1558523947,735,28,Compatible client-driven orchestration,grow proactive methodologies,""""""
6,1597109069,1585,51,Focused zero defect policy,scale turn-key supply-chains,""""""
45,1596207577,1681,188,Public-key value-added Graphical User Interface,syndicate distributed e-markets,""""""
46,1541172803,1233,161,Programmable bi-directional task-force,monetize interactive synergies,""""""
34,1543441549,477,57,Enterprise-wide intangible local area network,exploit visionary architectures,""""""
46,1555781720,1642,129,Quality-focused incremental portal,transform sticky content,""""""
44,1578501450,949,10,Cross-platform dynamic flexibility,orchestrate strategic users,""""""
50,1600739727,202,22,Object-based exuding solution,transform synergistic markets,""""""
27,1559266355,748,136,Synergized context-sensitive artificial intelligence,synergize revolutionary systems,""""""
25,1607057190,1925,187,Multi-lateral multi-tasking challenge,optimize intuitive infrastructures,""""""
4,1595459399,642,74,Reverse-engineered 24/7 focus group,envisioneer wireless vortals,""""""
38,1548020056,1920,76,Organic leading edge success,architect one-to-one ROI,""""""
29,1580928484,1613,85,Persevering user-facing benchmark,reintermediate ubiquitous niches,""""""
45,1599101040,645,80,Configurable grid-enabled application,generate sexy networks,""""""
28,1548226108,881,194,Compatible bottom-line core,reintermediate 24/7 ROI,""""""
26,1549741679,1940,178,Profit-focused grid-enabled project,grow rich methodologies,""""""
34,1549366888,766,148,Enhanced heuristic success,integrate frictionless web services,""""""
10,1572779186,78,50,Secured holistic architecture,synthesize open-source niches,""""""
43,1537771975,187,13,Focused systematic concept,iterate innovative portals,""""""
45,1552759841,344,16,Intuitive grid-enabled ability,incubate cross-platform communities,""""""
19,1576551681,14,21,Optional discrete local area network,implement distributed partnerships,""""""
21,1562254365,1364,76,Multi-tiered incremental capability,innovate innovative action-items,""""""
48,1575597569,350,101,Automated contextually-based standardization,matrix scalable relationships,""""""
12,1583431556,157,187,Grass-roots well-modulated groupware,embrace revolutionary e-commerce,""""""
10,1550365910,71,12,Team-oriented incremental complexity,morph B2B e-business,""""""
50,1599378552,1897,168,Secured uniform parallelism,transform customized architectures,""""""
44,1579994135,132,179,Stand-alone motivating artificial intelligence,seize compelling eyeballs,""""""
2,1553352510,1976,10,Multi-lateral dynamic encryption,unleash rich markets,""""""
41,1544340119,1659,128,Synchronised bifurcated definition,brand dynamic action-items,""""""
32,1560711957,1087,79,Triple-buffered global neural-net,reintermediate leading-edge e-commerce,""""""
32,1581442681,377,181,Fully-configurable analyzing conglomeration,recontextualize transparent communities,""""""
13,1557223696,1895,3,Optional hybrid hub,benchmark transparent paradigms,""""""
48,1549729336,952,102,Profound leading edge synergy,cultivate transparent infrastructures,""""""
12,1574767113,1184,146,Fully-configurable cohesive data-warehouse,facilitate innovative ROI,""""""
16,1600693301,1444,60,Integrated leading edge middleware,integrate frictionless action-items,""""""
50,1537763800,379,14,Intuitive directional approach,embrace compelling deliverables,""""""
11,1606800205,1502,188,Extended neutral Graphical User Interface,unleash dot-com methodologies,""""""
29,1604731803,795,124,Realigned needs-based analyzer,engineer back-end portals,""""""
30,1585540764,852,101,Cloned zero tolerance adapter,evolve revolutionary platforms,""""""
17,1539594163,1708,180,Fundamental reciprocal hub,expedite innovative mindshare,""""""
5,1580310137,1652,149,Secured asynchronous help-desk,mesh vertical users,""""""
47,1546552060,1391,166,Monitored asynchronous core,seize ubiquitous portals,""""""
43,1580532931,916,129,Distributed didactic knowledge user,redefine clicks-and-mortar communities,""""""
38,1565728781,1021,39,Monitored interactive leverage,reinvent frictionless e-business,""""""
15,1568865715,1080,144,Mandatory radical strategy,morph interactive users,""""""
20,1568210120,1389,192,Synchronised coherent projection,cultivate innovative methodologies,""""""
16,1601606139,1768,144,Intuitive cohesive forecast,redefine scalable ROI,""""""
37,1545469199,1341,156,Stand-alone impactful paradigm,grow real-time communities,""""""
18,1596153043,1188,39,Networked content-based intranet,deploy efficient communities,""""""
32,1591999536,569,86,Configurable zero administration contingency,streamline leading-edge architectures,""""""
8,1576490539,501,115,Persevering mission-critical emulation,extend best-of-breed architectures,""""""
11,1574880311,1566,126,Configurable holistic Graphic Interface,architect virtual partnerships,""""""
11,1600886595,619,142,Secured impactful alliance,reintermediate web-enabled web-readiness,""""""
28,1581914160,511,87,Switchable zero defect parallelism,revolutionize bricks-and-clicks interfaces,""""""
4,1597634503,1662,111,De-engineered solution-oriented workforce,streamline viral bandwidth,""""""
9,1567534545,838,111,Automated hybrid help-desk,deploy extensible relationships,""""""
12,1597349673,1021,190,Intuitive eco-centric encryption,matrix transparent initiatives,""""""
24,1586813159,414,46,Profit-focused composite parallelism,synergize efficient initiatives,""""""
32,1600730619,169,148,Expanded system-worthy protocol,innovate plug-and-play eyeballs,""""""
32,1564062635,1761,120,Synchronised directional function,aggregate sexy networks,""""""
30,1542650293,794,109,Implemented bi-directional knowledge base,architect cross-media supply-chains,""""""
8,1576960920,301,2,Diverse transitional challenge,incubate bleeding-edge markets,""""""
34,1565478690,811,76,Synchronised even-keeled model,matrix open-source solutions,""""""
44,1549795103,255,117,Business-focused optimal portal,synthesize extensible users,""""""
28,1552541129,150,138,Profit-focused explicit workforce,facilitate frictionless schemas,""""""
32,1558621953,1660,125,Enhanced mobile secured line,optimize dynamic infrastructures,""""""
7,1563957467,1322,78,Fundamental system-worthy open system,deploy revolutionary networks,""""""
50,1581821145,1435,15,Quality-focused secondary complexity,brand open-source solutions,""""""
5,1538637914,1504,68,Inverse national process improvement,e-enable best-of-breed e-services,""""""
5,1580148442,1616,145,Fully-configurable multimedia complexity,matrix efficient ROI,""""""
17,1539067682,1172,88,Object-based bandwidth-monitored groupware,benchmark holistic interfaces,""""""
6,1602190849,768,169,Distributed asymmetric algorithm,implement world-class systems,""""""
32,1570111849,1474,9,Optional national knowledge base,incubate killer applications,""""""
1,1587431651,1680,191,Profound context-sensitive definition,incubate vertical vortals,""""""
23,1541758030,930,43,Innovative actuating task-force,facilitate sticky mindshare,""""""
30,1606012919,1498,124,Front-line hybrid monitoring,transform front-end networks,""""""
13,1591650425,70,113,Fundamental grid-enabled encryption,reinvent cutting-edge infomediaries,""""""
5,1557559944,1198,125,Devolved national product,revolutionize end-to-end applications,""""""
6,1597277021,408,116,Cloned secondary database,syndicate out-of-the-box web services,""""""
36,1543677878,632,120,Decentralized background utilisation,unleash rich technologies,""""""
11,1591495546,386,117,Ergonomic methodical intranet,exploit cross-platform schemas,""""""
19,1565301039,1794,108,Sharable asynchronous definition,leverage next-generation networks,""""""
31,1553953939,183,8,Mandatory systematic hierarchy,reinvent vertical communities,""""""
39,1554658269,1664,128,Diverse directional moderator,embrace front-end supply-chains,""""""
19,1608928455,1499,33,Face to face fresh-thinking project,drive 24/7 portals,""""""
28,1600933556,1379,190,Organic secondary protocol,maximize bricks-and-clicks infrastructures,""""""
31,1547857898,736,162,Open-architected coherent parallelism,orchestrate customized networks,""""""
39,1547112785,566,196,Open-architected well-modulated capacity,empower customized partnerships,""""""
24,1599499503,1470,29,Multi-channelled object-oriented info-mediaries,enable bleeding-edge platforms,""""""
23,1548293244,86,73,Business-focused 5th generation superstructure,transform killer e-commerce,""""""
50,1590875967,1067,73,Customer-focused radical migration,disintermediate customized communities,""""""
49,1587729911,868,107,Secured value-added knowledge user,unleash out-of-the-box applications,""""""
16,1571233174,1709,47,Total dynamic strategy,streamline magnetic architectures,""""""
4,1601841863,1272,137,Streamlined reciprocal capacity,incentivize sticky networks,""""""
14,1595294579,1092,104,Profit-focused optimal secured line,recontextualize virtual ROI,""""""
5,1604060173,1735,123,Face to face uniform extranet,reinvent customized solutions,""""""
35,1554552044,1397,41,De-engineered local approach,reintermediate extensible action-items,""""""
45,1542429952,134,155,Focused reciprocal utilisation,extend B2C users,""""""
16,1575070968,1817,194,Sharable modular policy,redefine transparent e-commerce,""""""
44,1593949394,1650,76,Multi-channelled mobile open architecture,exploit out-of-the-box eyeballs,""""""
10,1586714092,481,160,Multi-lateral zero defect migration,implement impactful supply-chains,""""""
15,1587000780,216,183,Reactive dedicated moderator,drive ubiquitous niches,""""""
32,1564143392,1530,154,Quality-focused discrete support,redefine world-class networks,""""""
20,1590695772,43,187,User-centric 24/7 firmware,deploy web-enabled web-readiness,""""""
28,1541902464,1079,32,Focused heuristic intranet,synthesize turn-key schemas,""""""
22,1603250294,931,33,Mandatory 4th generation flexibility,visualize front-end content,""""""
40,1572789577,532,196,Monitored well-modulated paradigm,monetize visionary supply-chains,""""""
34,1599082163,1028,60,Compatible fault-tolerant access,synergize granular paradigms,""""""
36,1545518673,321,179,Multi-tiered static analyzer,drive distributed infomediaries,""""""
39,1550693103,331,16,Organic multi-state support,target sexy models,""""""
10,1554525352,202,120,Virtual background task-force,optimize bricks-and-clicks e-markets,""""""
28,1556023735,648,182,Programmable dedicated open system,orchestrate virtual channels,""""""
14,1572014991,16,23,Reverse-engineered incremental product,incubate magnetic solutions,""""""
48,1599911614,1611,26,Automated disintermediate instruction set,leverage clicks-and-mortar vortals,""""""
7,1600529944,1561,22,Re-engineered zero administration neural-net,orchestrate one-to-one infomediaries,""""""
42,1566767582,30,56,Front-line disintermediate core,monetize revolutionary eyeballs,""""""
26,1587551735,792,184,Enterprise-wide logistical service-desk,deploy frictionless e-business,""""""
44,1573288802,63,197,Monitored even-keeled moratorium,engineer back-end paradigms,""""""
47,1540599246,994,114,Configurable optimal archive,mesh 24/7 architectures,""""""
22,1536287824,915,54,Ameliorated fresh-thinking leverage,transform efficient web services,""""""
42,1583717331,1428,28,Profound bi-directional local area network,extend visionary e-commerce,""""""
43,1555126420,1175,105,Open-architected uniform software,engage wireless e-services,""""""
3,1557213122,317,47,Synergized multi-tasking protocol,deploy interactive architectures,""""""
22,1535271121,1177,13,Organic heuristic matrix,incentivize rich infomediaries,""""""
41,1584762781,1789,55,Persevering bandwidth-monitored initiative,mesh one-to-one experiences,""""""
20,1546848581,1098,71,Ameliorated non-volatile functionalities,strategize granular portals,""""""
42,1566047716,243,134,Grass-roots human-resource focus group,evolve global content,""""""
9,1593631356,1609,196,Team-oriented optimizing portal,streamline innovative eyeballs,""""""
49,1579089403,1131,29,Open-source foreground algorithm,architect end-to-end content,""""""
43,1556316121,291,50,Sharable multimedia hierarchy,harness killer relationships,""""""
48,1545504971,1727,130,Virtual content-based product,redefine enterprise action-items,""""""
41,1594824277,651,81,Decentralized empowering workforce,deploy dynamic infrastructures,""""""
7,1561765826,394,52,User-centric maximized algorithm,optimize frictionless web-readiness,""""""
36,1558194623,1587,22,Optional regional data-warehouse,facilitate dynamic e-markets,""""""
34,1608024419,1580,150,Expanded directional concept,synergize ubiquitous networks,""""""
37,1607331450,970,86,Advanced methodical array,facilitate vertical technologies,""""""
43,1602507508,1605,87,Reverse-engineered coherent leverage,facilitate synergistic niches,""""""
46,1554032808,1468,16,Pre-emptive needs-based challenge,expedite transparent synergies,""""""
29,1587927192,1766,78,Sharable global flexibility,repurpose cross-platform deliverables,""""""
39,1540465636,1346,112,Visionary coherent access,architect holistic bandwidth,""""""
37,1534598166,1591,84,Re-contextualized object-oriented methodology,reinvent bricks-and-clicks infrastructures,""""""
4,1595823384,1167,49,Horizontal fresh-thinking leverage,deliver mission-critical convergence,""""""
29,1598764296,941,24,Compatible 4th generation product,engineer transparent convergence,""""""
30,1588190726,1645,28,Multi-tiered upward-trending concept,strategize granular interfaces,""""""
22,1586051350,1147,39,Reactive actuating utilisation,visualize efficient vortals,""""""
19,1565671099,1201,25,Configurable actuating moratorium,expedite transparent action-items,""""""
6,1583241071,369,62,Secured coherent application,iterate robust models,""""""
39,1554000349,728,171,Right-sized eco-centric middleware,repurpose robust schemas,""""""
36,1598273905,1164,31,Multi-channelled modular complexity,matrix real-time vortals,""""""
3,1582406042,248,33,Inverse neutral emulation,innovate robust e-services,""""""
29,1580951676,1831,88,Innovative 6th generation implementation,innovate holistic methodologies,""""""
50,1544261784,1010,9,Stand-alone client-server matrices,disintermediate enterprise applications,""""""
6,1590608952,646,115,Vision-oriented discrete budgetary management,transform robust metrics,""""""
36,1574541886,899,119,Innovative grid-enabled database,incubate e-business deliverables,""""""
21,1591974875,1100,62,Extended bi-directional application,morph wireless e-commerce,""""""
38,1603124560,811,167,Optional well-modulated algorithm,implement strategic methodologies,""""""
25,1543029786,1800,42,Operative radical migration,integrate back-end networks,""""""
36,1581161340,1321,2,Fully-configurable multimedia middleware,deploy integrated partnerships,""""""
48,1553691622,465,150,Extended zero defect database,matrix wireless experiences,""""""
50,1544873385,1541,55,Ergonomic object-oriented adapter,seize strategic convergence,""""""
22,1538304816,1947,97,Secured foreground local area network,exploit visionary users,""""""
44,1596311750,1024,19,Synergized executive encoding,syndicate ubiquitous action-items,""""""
13,1577745944,1498,39,Right-sized executive leverage,seize clicks-and-mortar schemas,""""""
38,1598111634,1860,89,User-friendly regional customer loyalty,morph mission-critical mindshare,""""""
21,1599847652,851,117,Reduced contextually-based Graphical User Interface,generate cross-platform bandwidth,""""""
32,1608748902,18,134,Ergonomic homogeneous encryption,synergize revolutionary ROI,""""""
37,1600203026,1860,182,Progressive web-enabled framework,engage turn-key eyeballs,""""""
39,1557197658,924,31,Focused scalable budgetary management,unleash visionary infomediaries,""""""
25,1571845760,1216,14,Upgradable tertiary standardization,syndicate front-end content,""""""
9,1556626752,1057,115,Configurable scalable hardware,morph distributed infomediaries,""""""
43,1570730639,1775,143,Horizontal encompassing alliance,deploy e-business action-items,""""""
30,1546920713,340,114,Innovative user-facing ability,e-enable B2C portals,""""""
35,1602893510,239,37,Right-sized 6th generation customer loyalty,synthesize clicks-and-mortar models,""""""
1,1561573283,1304,130,Phased optimizing protocol,generate robust networks,""""""
47,1608380838,1977,4,Assimilated fresh-thinking strategy,architect end-to-end partnerships,""""""
43,1563641182,1250,55,Seamless uniform policy,exploit open-source web-readiness,""""""
19,1574660712,1997,168,Robust scalable forecast,transform cross-platform supply-chains,""""""
26,1563151563,1301,96,Distributed systematic internet solution,maximize enterprise channels,""""""
44,1562116097,1723,124,Persistent needs-based help-desk,iterate turn-key relationships,""""""
35,1562493312,986,46,Inverse systemic superstructure,cultivate value-added infrastructures,""""""
11,1588743435,209,63,Polarised disintermediate algorithm,productize B2B ROI,""""""
48,1537294540,994,145,Fundamental stable functionalities,empower killer communities,""""""
18,1562834593,1975,15,Profound responsive intranet,scale user-centric portals,""""""
28,1584592129,1282,50,Function-based full-range encoding,evolve user-centric e-markets,""""""
46,1599862613,1216,94,Programmable 24/7 strategy,seize one-to-one markets,""""""
45,1550278920,1646,52,Fully-configurable global portal,repurpose 24/365 interfaces,""""""
4,1587125177,1897,135,Automated leading edge system engine,benchmark real-time architectures,""""""
19,1573214959,194,46,Reverse-engineered 4th generation concept,scale robust vortals,""""""
2,1560486608,822,128,Down-sized secondary artificial intelligence,unleash impactful methodologies,""""""
45,1541262759,236,90,Reverse-engineered secondary migration,reinvent collaborative partnerships,""""""
46,1571884131,163,170,Vision-oriented dedicated matrix,deliver turn-key synergies,""""""
6,1559075480,318,134,Optimized analyzing migration,innovate back-end platforms,""""""
30,1592332841,768,113,Sharable actuating framework,benchmark leading-edge e-markets,""""""
38,1604274289,177,9,Proactive system-worthy strategy,harness turn-key communities,""""""
31,1541426338,982,53,Cross-group global conglomeration,productize 24/7 applications,""""""
2,1547411431,621,47,Reduced neutral neural-net,monetize distributed partnerships,""""""
