"Id","Submission Time","View Number","Vote Number","Title","Message","Image","Tag","Status"
"101","1610169147","7","0","Testing question","What is the sense of life, the universe, and everything?","","Existential","discussed"
"35","1607595704","1688","185","Triple-buffered heuristic initiative","exploit visionary solutions","","Existential,Philosophy","discussed"
"81","1607182314","120","92","Polarised system-worthy Graphical User Interface","streamline impactful systems","","","new"
"23","1604598285","325","123","Customer-focused local data-warehouse","e-enable out-of-the-box infomediaries","","","new"
"75","1604550364","1553","192","Proactive mission-critical open architecture","transform 24/365 solutions","","","new"
"51","1603159268","1676","73","Right-sized explicit ability","recontextualize cutting-edge niches","","","new"
"10","1598157121","1514","87","Enterprise-wide analyzing array","incubate end-to-end solutions","","","new"
"30","1597347222","1078","87","Profound user-facing capacity","architect magnetic synergies","","","new"
"28","1597047744","678","197","Fully-configurable next generation forecast","harness intuitive mindshare","","","new"
"79","1596101537","996","126","Persistent zero defect projection","evolve clicks-and-mortar mindshare","","","new"
"44","1593531382","1859","112","Monitored fault-tolerant customer loyalty","incubate wireless niches","","","new"
"8","1592988675","1388","115","Networked tangible infrastructure","aggregate ubiquitous users","","","closed"
"21","1592589208","254","105","Fundamental multimedia flexibility","utilize magnetic communities","","","closed"
"97","1591665275","240","109","Open-source methodical alliance","generate 24/7 supply-chains","","","new"
"99","1590684031","184","169","Object-based needs-based policy","empower vertical content","","","new"
"72","1589341635","920","130","User-friendly bifurcated paradigm","synergize distributed portals","","","new"
"53","1587723426","467","90","Inverse dedicated framework","mesh compelling functionalities","","","new"
"40","1586359482","329","195","Universal optimal neural-net","architect value-added infrastructures","","","closed"
"71","1584770323","1042","178","Adaptive modular success","reintermediate one-to-one mindshare","","","new"
"83","1584219204","649","120","Devolved solution-oriented forecast","scale turn-key bandwidth","","","new"
"3","1583713464","493","76","Operative demand-driven policy","recontextualize vertical e-commerce","","","discussed"
"96","1583637704","894","127","Optimized 5th generation infrastructure","productize impactful vortals","","","new"
"22","1583049860","773","144","Decentralized explicit success","grow bricks-and-clicks infrastructures","","","new"
"70","1582923053","66","123","Cross-platform discrete protocol","harness viral infomediaries","","","closed"
"19","1582642700","896","116","Grass-roots disintermediate open architecture","deliver user-centric mindshare","","","closed"
"84","1582505613","19","89","Synergized object-oriented Graphical User Interface","recontextualize web-enabled networks","","","new"
"65","1580865415","1655","186","Innovative zero administration hierarchy","productize rich action-items","","","new"
"80","1580538110","821","117","Centralized scalable emulation","scale wireless vortals","","","new"
"64","1575257897","1287","79","Diverse optimal emulation","maximize 24/7 interfaces","","","new"
"66","1574895517","773","112","Universal client-server architecture","transition frictionless e-tailers","","","new"
"7","1572603416","447","128","Innovative transitional task-force","streamline plug-and-play vortals","","","new"
"89","1572359240","1559","140","Distributed exuding system engine","brand bricks-and-clicks niches","","","new"
"74","1572182577","1539","186","Intuitive transitional software","repurpose magnetic infomediaries","","","closed"
"32","1571747956","1582","103","Adaptive discrete toolset","strategize killer platforms","","","new"
"46","1564355891","376","148","Self-enabling tangible functionalities","disintermediate revolutionary architectures","","","closed"
"33","1563161500","1292","128","Function-based bifurcated superstructure","engineer plug-and-play technologies","","","closed"
"17","1562747144","478","197","Mandatory executive intranet","orchestrate cross-platform e-tailers","","","new"
"94","1562406260","112","193","Re-contextualized static service-desk","recontextualize sticky e-business","","","new"
"48","1561451388","451","158","Open-architected contextually-based budgetary management","optimize wireless partnerships","","","new"
"62","1560707391","538","84","Configurable high-level contingency","innovate end-to-end architectures","","","new"
"43","1559183762","980","204","User-centric 24/7 neural-net","revolutionize e-business users","","","new"
"73","1558853575","141","148","Profound disintermediate focus group","morph killer systems","","","closed"
"38","1558453648","577","140","Extended solution-oriented open system","transform extensible models","","","new"
"18","1558416516","1122","81","Triple-buffered next generation toolset","evolve vertical e-commerce","","","new"
"50","1557448074","1858","128","Implemented 24/7 concept","morph dot-com bandwidth","","","new"
"25","1557208346","1403","107","Expanded client-driven application","implement holistic applications","","","new"
"39","1557015938","1124","146","Fundamental uniform complexity","utilize web-enabled web-readiness","","","new"
"92","1556924498","532","102","Organized fault-tolerant knowledge user","implement cross-platform web-readiness","","","closed"
"60","1556099028","830","116","Synergistic global portal","disintermediate sticky ROI","","","closed"
"57","1553394549","1282","170","Customizable tertiary functionalities","strategize enterprise infrastructures","","","new"
"14","1551947507","1457","143","Multi-tiered user-facing secured line","incubate frictionless interfaces","","","new"
"24","1551472149","1483","141","Public-key object-oriented throughput","recontextualize B2C ROI","","","new"
"5","1551415685","846","85","Persevering contextually-based open architecture","implement 24/7 systems","","","discussed"
"56","1551291975","217","153","Profit-focused solution-oriented Graphical User Interface","reintermediate plug-and-play communities","","","new"
"100","1551219426","615","192","Synchronised attitude-oriented capability","engage proactive niches","","","new"
"29","1548805253","606","109","Polarised maximized ability","maximize visionary interfaces","","","new"
"67","1548622031","1373","167","Down-sized attitude-oriented budgetary management","incubate visionary eyeballs","","","new"
"93","1548012461","537","81","Profound motivating access","drive innovative functionalities","","","closed"
"20","1547316552","1287","184","Virtual multimedia knowledge base","monetize bleeding-edge infrastructures","","","new"
"61","1546674057","324","112","Focused bi-directional infrastructure","incentivize cross-platform e-markets","","","new"
"98","1545792021","1675","105","Enterprise-wide 24 hour neural-net","expedite sexy networks","","","new"
"9","1544840120","604","130","Exclusive reciprocal collaboration","empower rich eyeballs","","","closed"
"27","1543113346","962","145","Distributed regional matrices","facilitate e-business action-items","","","closed"
"95","1538576691","1412","122","Re-engineered clear-thinking time-frame","engineer plug-and-play systems","","","new"
"2","1538024900","389","83","Synergized secondary framework","morph back-end technologies","","","discussed"
"86","1537794376","1653","184","Synergized value-added challenge","revolutionize interactive infomediaries","","","new"
"11","1537355888","1418","147","Innovative value-added toolset","transition compelling interfaces","","","new"
"77","1536568040","19","102","Ameliorated well-modulated matrix","expedite frictionless paradigms","","","new"
"42","1535894026","682","163","Phased neutral middleware","transition enterprise eyeballs","","","new"
"59","1534352208","1137","125","Secured even-keeled complexity","benchmark proactive mindshare","","","new"
